tf	median_ulm_score	mean_abs_ulm_score	significant_contrasts	direction_consistency	median_fdr	n_targets	median_beta	median_rescue_198	median_rescue_33	positive_rescue_contrasts_33	suggested_intervention	priority_score	external_JCI_hyperoxia_vs_room_air_ulm	external_JCI_hyperoxia_vs_room_air_fdr	external_JCI_p53_EC_deletion_vs_control_hyperoxia_ulm	external_JCI_p53_EC_deletion_vs_control_hyperoxia_fdr	external_JCI_p53_null_vs_control_hyperoxia_ulm	external_JCI_p53_null_vs_control_hyperoxia_fdr	external_hyperoxia_direction_match	network_evidence_class
Egr1	7.5816091084043755	6.757676311057644	5	1.0	8.865127056924271e-12	349	0.02637605113152002	0.013820822711187564	0.01326581028945184	6	inhibit	0.164351095223358	5.092713936573734	9.907959793054033e-06	2.7553342534510215	0.07734213769435883	-0.9056631746014716	0.6787114143371582	True	high
Srf	4.98058795667087	4.8784157693818075	5	1.0	0.0004500590144713712	100	0.0418222911936806	0.002219434493966832	0.009516734172778596	6	inhibit	0.08511540777941269	5.997119220172042	1.726911023069988e-07	2.0989956211741276	0.2225399762392044	0.22048332157757916	0.9430198073387146	True	high
Smad4	4.825083976511974	4.537953579394383	4	1.0	0.000246957832928274	133	0.03513055534792403	0.008485124077637074	0.01115262798797928	6	inhibit	0.0843501801628409	4.3402612768285085	0.00018968884251080453	3.737725403416091	0.0068374634720385075	-0.4772198035279769	0.8267028331756592	True	high
Jund	5.635489201125019	4.693853370320252	5	1.0	3.25459154737473e-07	102	0.035374162750944474	0.007312016487215245	0.009753912877553728	6	inhibit	0.0839363008625454	5.954688281567515	1.7901416526910907e-07	2.1837028327281365	0.19310566782951355	-1.7425803819074255	0.37022852897644043	True	high
Hif1a	5.460648001505755	5.008326056521374	5	1.0	1.3855968185039202e-05	447	0.018815188953167354	0.006777311473337377	0.009111137772166433	6	inhibit	0.08365783929964496	6.108638518183313	1.1557710166698598e-07	2.887964206631816	0.0581476092338562	0.024182022885930132	0.9932692646980286	True	high
Ets2	5.670418504317459	4.66983441498451	5	1.0	4.6190918467914344e-07	106	0.03640063792749844	0.009036711825383958	0.009732706580781514	6	inhibit	0.08332523492677951	4.448887021582783	0.0001309044600930065	0.24256065725806233	0.9410383701324463	-2.252344320340033	0.21632808446884155	True	high
Sp1	5.21368549006333	4.972799364989037	5	1.0	7.969919211658905e-05	1266	0.010488208414608034	0.006025255514105321	0.007818975612158885	6	inhibit	0.07128402775818221	4.841048216032755	2.5484485377091914e-05	2.9388509053219556	0.051764827221632004	1.1679438574113254	0.5875207781791687	True	high
Trp73	4.795867221243737	4.512607472975001	5	1.0	5.560820238770248e-05	127	0.02935905612286576	0.007178969469276819	0.008198702454045415	6	inhibit	0.06782879759851035	3.798273956321188	0.001178246340714395	0.7813135030874412	0.8203834295272827	-3.571792776862845	0.015506710857152939	True	high
Trp63	4.332557967214627	4.043867044101519	5	1.0	0.0006101610931636969	198	0.022229606798878414	0.0050488804158033695	0.007523157999136332	6	inhibit	0.05577485961717293	3.4827853306143424	0.0028305042069405317	-0.7768208964741383	0.8203834295272827	-3.671042528206523	0.013335730880498886	True	high
Atf2	4.791905306969051	3.629878869644143	4	1.0	1.528883421997307e-05	110	0.027707934587897873	0.00525655898961086	0.008053025860725482	6	inhibit	0.048719180680908775	4.907917812600237	1.931799852172844e-05	1.7614730252516624	0.38398832082748413	-0.17178181964110217	0.9676933884620667	True	high
Trp53	4.983017943292981	4.774993065688691	5	1.0	6.39437053671088e-05	943	0.010121196986483633	0.005562354752539245	0.005426483708723062	6	inhibit	0.04750427381374634	5.286028512524437	4.695410098065622e-06	3.041827007037535	0.04085523635149002	-2.02600054108019	0.2816193103790283	True	high
Jun	5.794229853583099	5.075869332265186	5	1.0	3.238195168439595e-06	616	0.014311691926039684	0.005136598284427085	0.004190927711558046	6	inhibit	0.03899976931553597	4.941373859787106	1.737503225740511e-05	4.26244363079379	0.0016830457607284188	2.1926435587513335	0.2344072163105011	True	high
Ssrp1	3.410244833621322	3.1409911172885745	4	0.8333333333333334	0.005878990690689534	137	0.02013677890099951	0.0046057528515365265	0.007580506297143075	5	inhibit	0.03306986519982848	3.756336687320123	0.001298774965107441	1.9882551638320816	0.2702358365058899	-2.144030746358728	0.2344072163105011	True	high
Pou2f1	2.94612000522236	3.0501476550126037	4	1.0	0.01531527517363429	115	0.020781622419657197	0.0036784069881623527	0.005288416928437345	6	inhibit	0.02688408748833687	3.281364551396377	0.005172674544155598	0.6123232151583041	0.8557642102241516	-1.0193777728393003	0.6368802189826965	True	high
Esr1	4.038220822717731	3.4357836662197094	4	0.8333333333333334	0.0026033723975160683	594	0.010293650032004595	0.005431553493566277	0.0055399972703607525	5	inhibit	0.02643643351723229	3.9754459194381626	0.0006478797295130789	-0.5732364325115299	0.8588892817497253	0.013739533444939556	0.9946731328964233	True	high
Pitx2	3.582513754720961	3.4948880114661436	5	1.0	0.0014395766775123775	128	0.022564776864454773	0.0028403423484323342	0.0033691588543935946	6	inhibit	0.02158719362973283	3.1662137825251517	0.007184353191405535	0.5843220615505428	0.8557642102241516	-0.5634750847177312	0.7955795526504517	True	high
Rel	3.331773675103139	3.3497995561640335	4	1.0	0.004802079522050917	116	0.027240726901565628	0.003120884459706097	0.0037158064140220826	6	inhibit	0.0207453444608044	2.5958395027299304	0.03173845261335373	3.1951560053038786	0.03297554329037666	0.713151308374813	0.7470057606697083	True	high
Junb	2.563158404444648	2.9966895927650863	4	1.0	0.031315083615481853	107	0.024178414230511022	0.0028566054743351943	0.0036769281950077004	6	inhibit	0.018364354092206815	2.6033790283646625	0.031369537115097046	1.0034184140668143	0.741795539855957	-1.6098144871255935	0.3973119556903839	True	high
Cebpa	3.099673276245621	2.7791414831276895	4	1.0	0.0195029383758083	217	0.010369227655597777	0.003037778028118998	0.0030476256294220128	6	inhibit	0.014116304686283084	3.60514513346734	0.002033131429925561	0.8503669771333344	0.8117617964744568	-1.6980610001103762	0.37766173481941223	True	high
Creb1	3.2309090833933545	2.414498236172213	4	0.8333333333333334	0.0051939107943326235	440	0.010174994899468562	0.0030433605693862	0.003100159266408553	5	inhibit	0.01039629038971721	3.06495145908182	0.009712710045278072	4.070758040138165	0.0031143997330218554	1.932209294585042	0.33129972219467163	True	high
Smad3	3.319268216684611	3.4487845450533885	4	0.8333333333333334	0.003937704488635063	177	0.021688880547727316	0.0030733377899970216	0.0020030580603954684	5	inhibit	0.00959460511324515	4.645256263851949	5.979450361337513e-05	1.0881046661859426	0.7119062542915344	-1.453135513582693	0.47165393829345703	True	high
Sp3	3.082399383338558	2.806568119023479	4	1.0	0.022954915155423805	418	0.009277907881321492	0.0014650559174463895	0.0020506810101168504	6	inhibit	0.009592293242134693	5.2149466456913345	6.207461865415098e-06	-0.05503225967426457	0.9843567609786987	-1.6653436725787163	0.38470959663391113	True	high
Nfe2l2	3.257332230130568	3.99038215607817	6	1.0	0.007054388057440519	203	0.013427656880427689	0.001616869164644097	0.000441419424606182	6	inhibit	0.0035228643905896033	6.582962409567662	8.08591504863898e-09	3.054182831723633	0.04085523635149002	-1.788300469315487	0.3529040813446045	True	high
Nr3c2	7.37476116787969	7.095389163130854	6	1.0	1.7570820106782136e-10	52	0.07362000155828863	0.01542934328924328	0.02204272071142277	6	inhibit	0.3128033633234983	4.405591918008112	0.00015295598132070154	2.2375941951062934	0.1834287792444229	-0.07301974859903838	0.9878000617027283	True	moderate
Elk1	5.596339763743098	5.321381342532644	5	1.0	5.386584689404117e-07	57	0.06174395932015255	0.010262910579920903	0.014459101240784089	6	inhibit	0.1410610512162483	2.3174279674908274	0.05725134164094925	0.8462087462878498	0.8117617964744568	-1.1957594929040518	0.5734677910804749	True	moderate
Klf5	6.295146409775564	4.824725489238827	4	0.8333333333333334	3.4771733594535226e-07	80	0.04455543324967182	0.013631246473867209	0.015881082572124672	5	inhibit	0.1064192553922728	4.148312557817368	0.00038408106775023043	2.1396954966776396	0.20908182859420776	-0.25062810948442404	0.9391233325004578	True	moderate
Hr	5.271599421931352	4.936165069186964	5	1.0	3.238428689655848e-06	96	0.03780861786877874	0.009820210871426094	0.011663939181067673	6	inhibit	0.10555440345029699	5.376877265278983	3.208661382814171e-06	1.5904832912810714	0.4458851218223572	-1.8766253257759105	0.33995315432548523	True	moderate
Id1	6.088043762423041	4.86609764371953	4	1.0	1.6796916302297404e-08	74	0.04323082295158079	0.01143157487558083	0.012663492336734639	6	inhibit	0.10270298370174125	3.829693831115669	0.0010909771081060171	-0.08126278018389752	0.9843567609786987	-1.844853387448267	0.33995315432548523	True	moderate
Relb	4.511801119322337	4.347448354024952	6	1.0	8.050286396610318e-05	55	0.03991085597263119	0.00579532278956485	0.011501485559429592	6	inhibit	0.10000422892836787	3.70792574113395	0.0014423804823309183	0.9313735454559747	0.7817966938018799	-1.6850342832846423	0.37831735610961914	True	moderate
Id2	4.9616383702397195	4.527251285787602	5	1.0	5.384127007346251e-06	66	0.04343429430972228	0.008975348160415675	0.011923021569232417	6	inhibit	0.09896061033793142	5.05028202233889	1.0606314390315674e-05	0.6158696409767581	0.8557642102241516	-2.310952115975256	0.1961018443107605	True	moderate
Gfi1	-3.8924321550117145	3.754697805602395	6	1.0	0.0009643700323067605	54	-0.03393045995783198	0.007710705999815992	0.012901597758415262	6	activate	0.09688320158457313	-1.1087185797628578	0.3895394802093506	-2.0085396403580176	0.2682555317878723	0.8777518930675084	0.6874080896377563	True	moderate
Ncor1	4.735611692268677	4.543216344837106	6	1.0	0.00013239267636322438	83	0.036047231086240916	0.00540450010644733	0.008873988068643202	6	inhibit	0.08063289527469851	2.1637107377094824	0.07664279639720917	0.8539452074764723	0.8117617964744568	-0.621019938112925	0.7799776792526245	True	moderate
Dnmt3a	-3.8266416094408906	3.9432254900959016	6	1.0	0.0016649115132167935	61	-0.031286895570568046	0.005482116910605794	0.009677514473441728	6	activate	0.07632124350489489	-0.7336367317206044	0.5772362351417542	0.34148438453347335	0.9131598472595215	1.140176194868538	0.5973057150840759	True	moderate
Ctcf	4.275163660539295	4.02160570508726	5	1.0	0.0009442054060855298	140	0.026017683585526828	0.006080752908289133	0.010163947072219681	6	inhibit	0.07493821047504665	0.214454578775639	0.8698574304580688	0.38211339308404674	0.9073979258537292	-0.8498947819023979	0.6874080896377563	True	moderate
Hmga1	3.6671285961303415	3.318562429015779	4	1.0	0.0016489221598021686	77	0.024776170269863625	0.006567388367738347	0.01239995477587924	6	inhibit	0.06858337340121269	2.668182133408413	0.026748165488243103	-1.5494710356055161	0.4695402979850769	-3.958199878541256	0.006267359014600515	True	moderate
Hmga1b	3.6671285961303415	3.318562429015779	4	1.0	0.0016489221598021686	77	0.024776170269863625	0.006567388367738347	0.01239995477587924	6	inhibit	0.06858337340121269	2.668182133408413	0.026748165488243103	-1.5494710356055161	0.4695402979850769	-3.958199878541256	0.006267359014600515	True	moderate
Foxm1	3.9582602976283034	4.009933744660156	6	1.0	0.00568172316889104	92	0.028998928363168947	0.00466082117527028	0.007434180326564177	6	inhibit	0.059621141110756705	2.305780166335774	0.05798481032252312	0.6276998442511489	0.8557642102241516	0.28056119086725756	0.9219746589660645	True	moderate
Ncor2	3.5064482349755193	4.10628096402843	5	1.0	0.003069427388254553	63	0.03474215955330638	0.004524037794955138	0.007770108778588636	6	inhibit	0.058494791237572646	2.692142404190445	0.026301082223653793	-0.8189537646959887	0.8203834295272827	-2.700165252038089	0.0952240377664566	True	moderate
Ep300	3.7237978812182786	3.7004579244569986	5	1.0	0.0017940863181138411	69	0.036017773395215565	0.005255106146067889	0.0078827942702277	6	inhibit	0.05347823896090191	4.068581263293024	0.0005070273764431477	-1.0027840745545415	0.741795539855957	-3.101526452321533	0.04510498046875	True	moderate
Nr2f2	3.7588185675171206	3.621795505410739	4	1.0	0.0012188787222839892	74	0.027408588478916446	0.004413432528639183	0.008432284927638645	6	inhibit	0.05090001941877393	2.9431111156670924	0.013402874581515789	0.26192444387696406	0.9410383701324463	0.5296700913467305	0.8007882237434387	True	moderate
Ncoa1	3.8461135454914404	3.496618776182681	5	1.0	0.0035651389916893095	83	0.02992488881498575	0.0057875358305053415	0.007934218360800271	6	inhibit	0.050862050973630606	2.6418279152891584	0.028615156188607216	-0.8558749784855539	0.8117617964744568	-1.5434631058945767	0.4236944615840912	True	moderate
Stat1	4.390499988265971	3.992005500646855	4	1.0	8.374329991056584e-05	288	0.01747783095458221	0.006208002469337781	0.00714275182007984	6	inhibit	0.047523174259190094	0.9271456707166644	0.4694618880748749	1.6784454233023283	0.4038948118686676	-0.3239420298589147	0.9023197293281555	True	moderate
Gata1	3.711819080376814	3.8638835191125125	6	1.0	0.001429026509867981	134	0.02239898204652384	0.004892749639007654	0.006122670114737272	6	inhibit	0.047314568298592125	0.9313663889775176	0.4694618880748749	3.5701913337600097	0.009839956648647785	1.0685297887029432	0.6095371246337891	True	moderate
Sox9	3.548745865583068	3.511799266960345	5	1.0	0.002195577370002866	93	0.021651368844144037	0.004244661240052405	0.007138046089352201	6	inhibit	0.045956872544213066	1.853988426272186	0.1353764832019806	-2.5097377022565177	0.10761437565088272	-1.130993661072365	0.5973057150840759	True	moderate
Ahr	3.220010300766221	3.320973551189653	5	1.0	0.008221830357797444	186	0.017714535189809366	0.00509729995205116	0.007531117859108649	6	inhibit	0.04585284590515176	1.5943904573647387	0.20495928823947906	-0.19018319418148102	0.9410383701324463	-2.04110479513111	0.2771293520927429	True	moderate
Mycn	2.813093703312497	3.4106630934540405	5	1.0	0.02265898371115327	134	0.020725131134725232	0.004055809834311475	0.007299535428321402	6	inhibit	0.04564313615534941	1.1858468575217473	0.3541174829006195	0.6947395822814876	0.8473027944564819	0.6429556786150395	0.778043270111084	True	moderate
Mycs	2.813093703312497	3.4106630934540405	5	1.0	0.02265898371115327	134	0.020725131134725232	0.004055809834311475	0.007299535428321402	6	inhibit	0.04564313615534941	1.1858468575217473	0.3541174829006195	0.6947395822814876	0.8473027944564819	0.6429556786150395	0.778043270111084	True	moderate
Nfic	-3.8301074911821895	3.5260381658417597	5	1.0	0.000949304667301476	78	-0.025846854471294263	0.0034252831130580086	0.0066829796176798295	6	activate	0.04320147552138303	-0.02975031423981555	0.9822379946708679	0.518391627614397	0.8718500137329102	2.338169495788268	0.1877625286579132	True	moderate
Usf1	4.318882043455593	3.5809229980852586	4	1.0	0.0001797986769815907	212	0.01778866557133081	0.005538346757360035	0.006983630961218845	6	inhibit	0.0416797411986147	1.2895537396991876	0.31388524174690247	2.8614982749375546	0.060476623475551605	1.3654784505594448	0.5148634314537048	True	moderate
Arnt	3.8783765464574116	3.8398269226583275	5	1.0	0.00172837351783528	65	0.03559867940719451	0.005325854695728494	0.0051963653213511485	6	inhibit	0.036580763011635764	3.250575994930182	0.005679850000888109	0.2883584928803556	0.9410383701324463	-0.9254084614394104	0.6751274466514587	True	moderate
Mbd2	3.8520972957251747	3.4591471139773606	5	1.0	0.0013020057667745277	86	0.027994982255205206	0.003306910401810137	0.005342217680745942	6	inhibit	0.03387911426641712	4.16374088952433	0.000371892616385594	-0.47308593048652736	0.8794050216674805	-1.6792608677260985	0.37831735610961914	True	moderate
Pax5	3.5396337042061115	2.7908692362622394	4	1.0	0.0015922781312838197	70	0.020140688208038902	0.004453045939052214	0.007194378412296587	6	inhibit	0.03346428230817953	1.3595152962072492	0.2921105921268463	0.23551589143202753	0.9410383701324463	-2.8354942414790116	0.0794355645775795	True	moderate
Ncoa3	3.1638089520520385	2.98062380856712	4	1.0	0.0064089728984981775	72	0.025280076495138838	0.00408444239843625	0.006720493881800127	6	inhibit	0.0333854401157052	2.9450659063671196	0.013402874581515789	1.4236775731733011	0.5410318374633789	-0.6777390151089796	0.7655516862869263	True	moderate
Fli1	3.374081301304765	3.074151111527021	4	1.0	0.005196215817704797	95	0.017802101837925965	0.004295764626372711	0.0064826964354806615	6	inhibit	0.03321464742137522	1.9375472701234633	0.11562191694974899	0.08569587014366821	0.9843567609786987	-1.1036601200592089	0.5991236567497253	True	moderate
Kat7	3.2927380057062754	2.9806912687834277	4	1.0	0.01565778534859419	80	0.027575006770442743	0.0039123026144003425	0.006544495199539813	6	inhibit	0.03251186616643896	4.019772699350083	0.000569095544051379	1.8857698486329517	0.31501084566116333	-0.9157622764144129	0.6755861639976501	True	moderate
Bmal1	3.657018607161641	3.633625001848267	4	1.0	0.0013559004291892052	57	0.0404599393568438	0.004439564978984567	0.005038957426864998	6	inhibit	0.030516136149176115	2.950159044363208	0.013402874581515789	0.2108889423896195	0.9410383701324463	-0.8080345170402435	0.7034822106361389	True	moderate
Nr2f1	3.170282471562711	2.9269609559651104	4	1.0	0.007666442543268204	102	0.017921775825463823	0.0028999277913987487	0.005853196581188214	6	inhibit	0.028553463101210614	2.0606353800033643	0.09318865090608597	0.16101386180162972	0.9477235078811646	0.8684670304463079	0.6874080896377563	True	moderate
Myc	5.212967260084419	6.223818854012641	5	1.0	0.00017463880770129947	852	0.010285537582758051	0.0020658664982904917	0.0023498804018456942	6	inhibit	0.026812921574417063	-0.8633046170882295	0.5037218332290649	5.957811541671688	8.782134841567313e-07	6.191987848422962	2.0553028434733278e-07	False	moderate
Ddit3	4.075420919020252	3.922026668341734	4	1.0	0.0006114385469118133	98	0.03048803897852637	0.002497770451851511	0.004007342900135158	6	inhibit	0.026194842872533326	0.1427862791428018	0.9171265363693237	1.0267225289653417	0.7314451336860657	-0.7520785495634315	0.7398848533630371	True	moderate
Sirt1	-2.79826134240393	2.71251853074484	4	0.8333333333333334	0.026161581045016646	65	-0.03183310193034132	0.004320499066815531	0.006418175541527293	5	activate	0.024179750124952885	-0.7788394394259048	0.547619640827179	1.5324283908933147	0.4757004976272583	2.419456191147536	0.16474126279354095	True	moderate
Cux1	-3.1486874544230297	3.1367700682425315	4	1.0	0.013695980014745146	111	-0.017440425672057284	0.0013089115580891542	0.003737711267843058	6	activate	0.019540568047838245	0.2262294947547758	0.8685483336448669	-0.7561574138054429	0.8263194561004639	0.8358745062321351	0.6874080896377563	False	moderate
Ybx1	3.1847785304187006	2.990057873393979	5	1.0	0.007710836944170296	94	0.021000367136802214	0.0020931312993150986	0.003508593651998404	6	inhibit	0.019233313135112933	1.2833787126446028	0.31388524174690247	-0.6535097953004626	0.8557642102241516	-0.8536764477003838	0.6874080896377563	True	moderate
Tcf4	2.0824460409398147	2.169282140074184	3	1.0	0.09107531420886517	52	0.022108237010127815	0.003120482506656197	0.005741898508270837	6	inhibit	0.01868369682616579	3.4122770248262184	0.0034362266305834055	0.21531562133332793	0.9410383701324463	-0.8928181756814193	0.6874080896377563	True	moderate
Stat5b	2.6384070670700424	2.432542331054838	3	1.0	0.034019455313682556	94	0.02003785338375235	0.0025487143525503853	0.005088956487084795	6	inhibit	0.01856865311359483	1.0292787332423652	0.4285012483596802	-0.7088989027214345	0.8473027944564819	-1.7513462924371672	0.37022852897644043	True	moderate
Mta1	-2.2591314948130767	2.216165786515437	3	1.0	0.14180418942123652	51	-0.013149191331077292	0.0030848913413333845	0.004692149444306293	6	activate	0.015597871595533538	-0.8616780942923425	0.5037218332290649	1.0524176359764386	0.7293859124183655	1.6489248953449347	0.3853083550930023	True	moderate
Pgr	2.2908686393608866	2.5003648994121224	3	1.0	0.049850985407829285	122	0.015913779917907534	0.003865936514932722	0.0041454774702893715	6	inhibit	0.015547809537022955	2.3188613852317927	0.05725134164094925	-0.43779184724396325	0.8920073509216309	-0.7238945147715404	0.7456579804420471	True	moderate
Lef1	2.255781291382852	1.9657617173551796	3	1.0	0.05558769591152668	107	0.013953727400599227	0.0029264605419663248	0.004805819016684865	6	inhibit	0.01417064256530493	3.0041975273347323	0.011564466170966625	0.6161694275221659	0.8557642102241516	-0.041984723586137744	0.9878000617027283	True	moderate
Myod1	2.590081278196121	2.302504956793317	3	1.0	0.046838127076625824	140	0.01152808997549102	0.0019509785694115656	0.003961914397880073	6	inhibit	0.013683491309264516	1.6199271870413188	0.19783218204975128	0.06285987397325485	0.9843567609786987	-1.406624617016832	0.4952978789806366	True	moderate
Hdac1	-1.9881365152302597	2.0846194106833447	3	1.0	0.1620701039209962	79	-0.019258679541921057	0.001354484656859778	0.004247245635244756	6	activate	0.013280836039756997	-2.245298452666656	0.06469643861055374	1.5884219553220367	0.4458851218223572	2.2786644406511387	0.20758433640003204	True	moderate
Rela	4.294957957466106	3.29966998558961	4	0.8333333333333334	0.00016241179764620028	531	0.012534069984463235	0.0034027235633991015	0.0027307484313746078	5	inhibit	0.01251467866278153	2.0711966146039993	0.09148536622524261	2.65037397457924	0.08939037472009659	1.1858238754072874	0.5748103857040405	True	moderate
Mybl2	3.0780744073842343	3.0562827387096814	4	0.8333333333333334	0.018192617979366332	51	0.028234104794097974	0.0017403727662418933	0.002744078149698015	5	inhibit	0.01164816483693395	0.5708814110707808	0.6605055332183838	1.4771641825320105	0.5204517841339111	0.8432120014280936	0.6874080896377563	True	moderate
Brca1	2.1125875146543946	1.847576279231002	3	0.8333333333333334	0.09088078141212463	61	0.020461206618960393	0.002524852993235016	0.004883796020036302	5	inhibit	0.011278982099027309	0.4221210958789849	0.7404683828353882	0.58540656282264	0.8557642102241516	-1.3757679527158302	0.5099007487297058	True	moderate
Cebpg	2.632783507130136	3.0067446611048614	3	1.0	0.03575192438438535	202	0.01784988893034134	0.0018581412888749038	0.0024672559240974667	6	inhibit	0.0111276128660391	3.72126827156199	0.0014423804823309183	1.432029210200675	0.5383438467979431	-2.8024204208684407	0.07966189086437225	True	moderate
Nr4a2	-2.427360725953885	2.313379343479283	3	1.0	0.04728659428656101	58	-0.01891197545178354	0.0018204696104710538	0.0031322642614263763	6	activate	0.010869173161053257	-2.000584386194675	0.10275981575250626	-1.1449277990831663	0.7033763527870178	1.8652072229838317	0.33995315432548523	True	moderate
Egr2	1.885992739277234	1.8730992473566979	3	0.8333333333333334	0.2152376864105463	73	0.014513317665539004	0.0021880988444348826	0.003737826654996057	5	inhibit	0.008751650367778648	1.8896648699965934	0.12735868990421295	0.9849871963422097	0.741795539855957	-0.1842220883476664	0.9676933884620667	True	moderate
Pbx1	2.161052714417309	1.9503945331520394	3	1.0	0.07738109305500984	60	0.01987911140026197	0.001675254263502235	0.0027023184922599364	6	inhibit	0.007905880821209162	2.573661113741792	0.03350313752889633	2.188269000184473	0.19310566782951355	-1.296510411194767	0.5435616374015808	True	moderate
Atf4	3.5822446083564237	3.000213598007696	4	1.0	0.001699921558611095	123	0.01956227006752565	0.001115885251707971	0.0015663419298012626	6	inhibit	0.007832267261532272	2.080195131540772	0.09081554412841797	4.469819872858885	0.0008708712994121015	0.5822543008758965	0.7845775485038757	True	moderate
Sox2	-2.7253948844661275	2.8383043884350845	4	1.0	0.0261657340452075	82	-0.022944225223985586	0.0023635297663953114	0.0016138313110233837	4	activate	0.007634240820452692	-1.0562724885546537	0.41608062386512756	0.03622194340824728	0.9843567609786987	0.9127403926047757	0.6755861639976501	True	moderate
Tbp	2.5319451715527928	2.4109044701154443	4	0.8333333333333334	0.03402743674814701	162	0.014474827334159227	0.001480735755588214	0.0022035467493103367	5	inhibit	0.007378528761139787	1.3189456281418066	0.30798789858818054	3.151527539773285	0.03360408544540405	0.5096387781925635	0.8096573352813721	True	moderate
Hnf4a	2.419954895939704	2.1318156730022837	3	0.8333333333333334	0.043256692588329315	248	0.01042932043488546	0.0021728491147023354	0.002330260563981501	5	inhibit	0.006209607490593631	5.472052650102919	2.1568168904195772e-06	0.9695910368577209	0.7487701177597046	-0.5429069110266118	0.7955795526504517	True	moderate
Pou5f1	-2.524947800172579	2.7511182325745662	5	1.0	0.03450804762542248	84	-0.020095252019296277	0.0009048284189149824	0.0012228159685251372	4	activate	0.006167537394503526	-0.5459062550863529	0.6752992868423462	0.028685963403084287	0.9843567609786987	0.7180303745154734	0.7470057606697083	True	moderate
Pou1f1	2.2106632713526104	2.0997765054232502	3	1.0	0.07297075167298317	50	0.020434084975825495	0.0011136555911965829	0.0018705239762242254	6	inhibit	0.00589152344715976	-0.11253389477682378	0.9301944375038147	1.6815434468269015	0.4038948118686676	0.6244650135223542	0.7799776792526245	False	moderate
Ar	1.951266814336432	2.253803379000928	3	0.8333333333333334	0.24398367293179035	482	0.005683958675370117	0.0016584305902054286	0.0016325487965935248	5	inhibit	0.004599304992682981	1.757747639020644	0.15911158919334412	-0.720608816016887	0.8424763679504395	-1.2675932130315994	0.5438628792762756	True	moderate
Rarb	3.272133928462778	3.1214499705832477	4	1.0	0.0036749893333762884	54	0.027136798196008186	0.0028176195745161503	0.0005988877781720192	5	inhibit	0.0031156637292628596	5.189181648632847	6.479380317614414e-06	2.5202854747432353	0.10734634101390839	0.1625090873760436	0.9676933884620667	True	moderate
Klf4	2.0237431986857066	1.726916876236092	3	0.8333333333333334	0.11686496809124947	134	0.013554090890518771	-3.875451148210862e-05	0.0002202667151342541	5	inhibit	0.00047547788454803906	4.2742775536649145	0.0002455852518323809	2.385147682752908	0.14422360062599182	-1.906254067718863	0.3328457772731781	True	moderate
Clock	3.2476964936455803	3.1787358439653413	3	1.0	0.033396109014574904	64	0.03117757616638856	0.0026934268836657504	0.0	0	inhibit	0.0	2.036064376501072	0.09748245030641556	2.436154025045055	0.12871672213077545	1.6415760721317632	0.3853083550930023	True	moderate
Gli2	1.7602621677306556	2.1136671516260668	3	1.0	0.2465432770550251	145	0.007601760277416793	-0.0011919790733988522	-0.0006756877301213882	1	inhibit	0.0	1.52369474679178	0.22947439551353455	2.179197108221018	0.19310566782951355	4.683998987804574	0.0004707581829279661	True	moderate
Abl1	8.67160804527861	9.583840281829003	6	1.0	6.338108643303708e-14	10	0.21487053833509867	0.049799159079705946	0.07235963488414787	6	inhibit	1.386966367162271							False	screening_only
Hmgb2	9.66430494690377	9.356862836492772	6	1.0	4.242289057902694e-18	10	0.20225110301620378	0.04779244464074428	0.07375961193522218	6	inhibit	1.3803171435016182							False	screening_only
Zic1	9.171868628269308	9.141705426664908	6	1.0	2.6897179842572388e-15	15	0.1566938618230888	0.024624416982136188	0.040183932447043824	6	inhibit	0.7346993466317532	2.815009983992511	0.018707141280174255	2.5366503739100263	0.10538838803768158	-0.691952309024298	0.7588543891906738	True	screening_only
Npm1	7.795741297372677	6.837124768760105	6	1.0	9.863107191536495e-11	12	0.15140127988076962	0.023016415284293767	0.03779806723425716	6	inhibit	0.5168602033971987							False	screening_only
Skil	-6.628495349021344	6.41999002102887	6	1.0	1.2381256166149601e-08	19	-0.09895921717804529	0.014608837666779562	0.021162036387333993	6	activate	0.2717201248626681	-3.325053041104741	0.004565736744552851	-0.04472864286117754	0.9843567609786987	0.4096071367590311	0.8500482439994812	True	screening_only
Tgfb1i1	6.156181333625427	6.189614841763418	6	1.0	5.696841061664237e-07	12	0.1475898825814819	0.013248738264047877	0.021931269163714906	6	inhibit	0.2714922182288763							False	screening_only
Ing4	5.966625833586438	5.491583041121267	5	1.0	6.439536699431869e-07	14	0.07598099048966755	0.01842512445886063	0.026388503608282654	6	inhibit	0.2656768746423227							False	screening_only
Id3	6.375793227411297	6.248068385992073	6	1.0	1.788023262783156e-08	38	0.07835773440497279	0.015597209479321417	0.020407762427456788	6	inhibit	0.2550181905036592	3.7745686233654228	0.0012356200022622943	2.2455917275479202	0.1834287792444229	-1.132914162681174	0.5973057150840759	True	screening_only
Pou4f2	7.162845021457283	6.19418061254958	6	1.0	2.52318075504368e-10	29	0.08698862477962233	0.011021892064545125	0.02025872240682297	6	inhibit	0.25097237113473325	2.5104297805178155	0.0385819636285305	2.618136167712527	0.0910767912864685	-0.056128823560124844	0.9878000617027283	True	screening_only
Sp2	5.6581430584433985	5.7654687719612125	6	1.0	6.012971793478705e-06	24	0.08271987475513462	0.013068092337711334	0.020671081404146863	6	inhibit	0.23835694863655374	3.222009642381706	0.006184558384120464	-0.1565725289528504	0.9477235078811646	-2.162510499907357	0.2344072163105011	True	screening_only
Meis1	5.664546926063065	5.479492689117415	6	1.0	5.754962487447557e-06	24	0.08588914985776237	0.013344436598109632	0.02166619816076687	6	inhibit	0.2374395488457825							False	screening_only
Tgif1	-4.520294149360982	5.380171391078519	6	1.0	0.00010972191557812039	11	-0.1259585915132398	0.014178791901006405	0.019350323055279228	6	activate	0.20821610902028076							False	screening_only
Esrrb	4.888039296413297	4.936507128660366	5	1.0	0.00012156159243659204	10	0.10217239719308131	0.01581360856781494	0.0229047928712523	6	inhibit	0.20729440103061453							False	screening_only
Ppargc1a	5.371635101426529	5.463973504816411	6	1.0	3.939056639978844e-06	29	0.07013926596033726	0.011174897395417549	0.017627576483390694	6	inhibit	0.1926332217187432	1.396696863773692	0.275656521320343	3.7470721511745744	0.0068374634720385075	-0.9577498532967882	0.6601270437240601	True	screening_only
Foxg1	-5.754896045297452	5.888918515876457	6	1.0	8.407730698323235e-07	17	-0.10943601702362836	0.011652885613862518	0.01553796624857301	6	activate	0.18300363428057012							False	screening_only
Nr2e1	-5.130238988905605	5.782175185614375	6	1.0	1.7681716542483628e-05	17	-0.10216370910380362	0.011209030030222666	0.015572749157313881	6	activate	0.180088727498435							False	screening_only
Tbx1	-4.708011157580021	5.146120761360685	6	1.0	4.792670461029047e-05	13	-0.10096596084813005	0.012354980864131615	0.017243339400147495	6	activate	0.17747261376457546							False	screening_only
Hipk2	4.804816032878027	4.459492512241622	5	1.0	0.0002320362103773732	10	0.07952807943434992	0.014706111880205486	0.02139019978855644	6	inhibit	0.17488063228610293							False	screening_only
Hic1	-4.7817043994044415	4.945476433339095	6	1.0	0.00015596128326933467	21	-0.08033743808305915	0.010608857718038822	0.015847110017504107	6	activate	0.15674301825619688	-3.710309941187607	0.0014423804823309183	0.023358677990812676	0.9843567609786987	0.13529328752898281	0.9803820848464966	True	screening_only
Patz1	4.407587703439013	4.532366698205258	6	1.0	0.0014860673427392612	11	0.10112917760021842	0.010509821837330457	0.016835836471472798	6	inhibit	0.15261236911946566							False	screening_only
Klf7	4.840646068028926	4.254624540994253	5	1.0	4.710156508735963e-05	11	0.07067730898057847	0.010079991586026904	0.01759614471079468	6	inhibit	0.13725248004129434							False	screening_only
Pml	5.170898317358301	4.1848489760669905	4	1.0	4.043484523208463e-06	19	0.0523578165832151	0.01430622866227238	0.01966317121723482	6	inhibit	0.1371456698911251	1.6200019202010685	0.19783218204975128	0.5955352616848822	0.8557642102241516	-3.026595975492285	0.05102488771080971	True	screening_only
Nfix	-4.721187037853302	5.044942041427055	6	1.0	5.992383921693545e-05	25	-0.07585063061973793	0.009369653608224504	0.0135353070207605	6	activate	0.13656967886531488	-4.176394892254524	0.00036488179466687143	0.20517581294650186	0.9410383701324463	2.9551512107197753	0.05729473754763603	True	screening_only
Tcf21	-4.5452289218559	4.404224089085779	6	1.0	0.00012560275354189798	15	-0.07551329554937133	0.009184761125758778	0.014685695672151167	6	activate	0.12935818928854187							False	screening_only
Cebpz	4.276539796181347	4.742880513899212	6	1.0	0.00018432610522722825	19	0.07557767589896512	0.009400510997808975	0.013262883912504075	6	inhibit	0.12580854733344582							False	screening_only
Dlx2	-4.496665408063999	4.595686115744574	6	1.0	9.269703150494024e-05	20	-0.07059016937543151	0.008839597203406713	0.013321262708397286	6	activate	0.12244068414633472							False	screening_only
Bhlha15	4.783269275749132	4.695755774271536	5	1.0	8.596428642704268e-05	18	0.06378518442556733	0.01016993399480326	0.014163435034528604	6	inhibit	0.12193139171933036							False	screening_only
Nr4a3	5.017473250343855	4.793066004362086	5	1.0	7.418277164106257e-06	38	0.058498695687059905	0.009921824029042403	0.013578501047657454	6	inhibit	0.1193181948964902	2.3289204911765338	0.05690021067857742	-0.47408334217695697	0.8794050216674805	-1.3566623348634725	0.5165683627128601	True	screening_only
Zbtb4	-3.847566180701435	5.157066867659399	5	1.0	0.009722699675876356	13	-0.11385374757696434	0.007379689070305839	0.011814801492741944	6	activate	0.11170448909801921							False	screening_only
Myf6	-3.6334956410110277	4.131186296507408	5	1.0	0.0036453169595915824	14	-0.06275010542386159	0.009426339877416978	0.01347729453815183	6	activate	0.10207489326834614							False	screening_only
Sp4	4.070310574060898	4.498214819238324	5	1.0	0.00029714925040025264	48	0.046141316147021966	0.007083453909716597	0.010778920919089996	6	inhibit	0.0888908199916891	2.929267441733495	0.013840870000422001	-0.24295617504368616	0.9410383701324463	-1.990407415337542	0.30049648880958557	True	screening_only
Zfp148	4.219384015946005	3.74708511946366	4	1.0	0.0005817653436679393	29	0.03886713667123823	0.008557375920150101	0.014065404545167859	6	inhibit	0.08784044678405835	2.7661982249867765	0.021498393267393112	0.4127614698149773	0.898200273513794	-1.7111339183004441	0.3770376443862915	True	screening_only
Trerf1	3.4428836084270165	3.715737006567736	5	1.0	0.004430564702488482	16	0.05942245948972413	0.009216862711963536	0.012821003443626744	6	inhibit	0.0873390410874965							False	screening_only
Nr1d1	-4.043063492276966	4.30712765662751	6	1.0	0.0005101968781673349	24	-0.07006594759409317	0.007493142889236415	0.010103125354035736	6	activate	0.08703090126148384							False	screening_only
Barx2	5.234025982740915	5.357923148821166	6	1.0	0.00016868010449577753	16	0.07304002744687779	0.010312764783156958	0.008059480815314712	6	inhibit	0.08636415765570955							False	screening_only
Vhl	6.359809110510813	6.145443025226359	5	1.0	3.9614903024620673e-08	24	0.07462913245479857	0.005024225121458892	0.007527385319328617	6	inhibit	0.08480838228290878	0.9571713757764331	0.4615877866744995	-0.6605047198513804	0.8557642102241516	-1.1098893080722017	0.5990869402885437	True	screening_only
Klf10	4.732638509011799	4.486249824352402	5	1.0	0.0004476563698148084	30	0.06021983775148269	0.006804774445467565	0.009898221212268632	6	inhibit	0.08141080415405919	4.342955755690622	0.00018968884251080453	0.5327248113616567	0.8636234402656555	-1.1085082695341126	0.5990869402885437	True	screening_only
Hoxb13	-5.131265567578248	4.229826155094816	5	1.0	7.671586104152084e-06	11	-0.08124393949245187	0.005590715763100884	0.010396618849267847	6	activate	0.08062246561083901							False	screening_only
Bcl11b	-4.455022657620081	4.114964399281171	6	1.0	0.00013056082752882503	25	-0.05964793444132638	0.006622862502797255	0.009590405525856827	6	activate	0.07892835462714053	-1.8210402413987492	0.14256608486175537	-0.03046271430267869	0.9843567609786987	1.5746022704229148	0.4067839980125427	True	screening_only
Kcnip3	3.61838902858378	3.7243307258947467	5	1.0	0.0018819968099705875	16	0.05572589165861305	0.008288939173341114	0.011482372575850552	6	inhibit	0.0784009471490876							False	screening_only
Dmtf1	5.118293912444321	4.931053102763408	4	0.8333333333333334	3.095387718587972e-05	19	0.099296314748447	0.006622139502145186	0.011334270704442428	5	inhibit	0.07762484822875171							False	screening_only
Dmtf1l	5.118293912444321	4.931053102763408	4	0.8333333333333334	3.095387718587972e-05	19	0.099296314748447	0.006622139502145186	0.011334270704442428	5	inhibit	0.07762484822875171							False	screening_only
Kat2b	3.190296263401547	3.6747799226259468	4	1.0	0.01085892622359097	15	0.06343193190980916	0.007332641274641061	0.01036602184400165	6	inhibit	0.06348808158306542							False	screening_only
Esrrg	3.8287897061928837	3.992716289562518	5	1.0	0.0015510603188886307	25	0.05798894469458464	0.005355189020129436	0.008460423923748128	6	inhibit	0.06193013276441492							False	screening_only
Hdac4	-3.5077131181374757	3.333396150651255	5	1.0	0.006057460501324385	23	-0.04715965188105063	0.006320579678450899	0.009940095629817902	6	activate	0.060746173600823995							False	screening_only
Kdm5b	3.366344944459757	3.4033178946975973	4	1.0	0.006093465955927968	34	0.045324020133130465	0.007121679039237772	0.010579471743132729	6	inhibit	0.06000884249975199	2.0278678898007585	0.09871910512447357	0.9352548938882136	0.7817966938018799	-1.2356243401540534	0.5589539408683777	True	screening_only
Hoxa1	5.910472591731194	5.35547409288898	5	1.0	1.9682178087343516e-07	28	0.0660156857260992	0.0038312567923611263	0.004966185268180656	6	inhibit	0.04875984033108543	3.1781545917891747	0.006993809714913368	2.6561518399403314	0.08939037472009659	1.4337094443852278	0.47531405091285706	True	screening_only
Zbtb7a	-3.394511675161307	3.3003203049456604	5	1.0	0.006207635859027505	37	-0.03381137293371534	0.00506646967387786	0.007832631233458398	6	activate	0.04739201848504626	-0.9045172881759367	0.48188793659210205	-1.6330036926547167	0.43799421191215515	1.1196165315635824	0.5973057150840759	True	screening_only
Nfib	3.6554346824489707	3.12909392768387	4	1.0	0.003000522017828189	24	0.03727839626197344	0.0061170885141123565	0.008880405263269497	6	inhibit	0.046312703641114096	0.37964050334837507	0.769731879234314	-0.6659777207400246	0.8557642102241516	-1.6459074250713757	0.3853083550930023	True	screening_only
Stat3	5.3797232889673126	3.9765584619655043	4	0.6666666666666666	1.5200790687508459e-05	411	0.016576318364120383	0.0058657527475640125	0.009393978620737486	4	inhibit	0.04150633908424076	3.8720231733253407	0.0009422614239156246	1.1308962204628408	0.7077397704124451	0.5867223611587422	0.7845775485038757	True	screening_only
Kdm5a	3.2525562791042546	2.889752567498014	4	1.0	0.008650019997730851	22	0.04208373382113955	0.005953634269725672	0.008375422499116936	6	inhibit	0.04033816445117299							False	screening_only
Klf9	2.602913597767624	3.0873444999225685	5	1.0	0.03223571367561817	25	0.041419439078581574	0.0049368686661389605	0.007070418657450395	6	inhibit	0.04001949994942054	2.8477319143983415	0.017088299617171288	2.2704185395143845	0.1834287792444229	-0.04052113100811164	0.9878000617027283	True	screening_only
Irf5	2.9087638387993513	2.8520096447616967	4	1.0	0.02213690709322691	28	0.03466171068385486	0.005205692568244824	0.007966145036377714	6	inhibit	0.037865870792199594							False	screening_only
Trps1	3.8666596802666713	3.619892252923531	4	1.0	0.002554828672145959	18	0.04890549219472899	0.0040249896486356795	0.006218419910914874	6	inhibit	0.03751668343491031	1.7770009658830224	0.15546837449073792	0.4790119357627503	0.8794050216674805	0.5424361932590203	0.7955795526504517	True	screening_only
Grhl3	3.6400776778995745	3.134507273519874	4	1.0	0.004473106615478173	29	0.03306757555128194	0.004266364611047235	0.006966912391374647	6	inhibit	0.03639639594123261	-1.563914274687379	0.21666023135185242	0.4932399852498094	0.8794050216674805	0.592277872902425	0.7845775485038757	False	screening_only
Spdef	2.787747271000563	2.6203978360745768	4	1.0	0.023417547810822725	18	0.04129267864255384	0.005923476190996035	0.008194924214098342	6	inhibit	0.03578993612903074							False	screening_only
Zbtb17	-3.517561250789784	3.432834972331007	5	1.0	0.006047258037142456	44	-0.03368813821731687	0.003242390360103098	0.005107139814862327	6	activate	0.032141941635913086	-1.5236365313486275	0.22947439551353455	0.12825753830967	0.9654414057731628	2.187973787447257	0.2344072163105011	True	screening_only
Tbpl1	2.7747830405349885	2.795770891648266	5	1.0	0.02566822897642851	39	0.02498580835454424	0.0040045902005647616	0.0062231673042646984	6	inhibit	0.031897341672387496	1.4839804456967194	0.24253670871257782	0.8464444918382332	0.8117617964744568	-3.125719317084142	0.045056164264678955	True	screening_only
Gtf2i	3.247962878823699	4.2905127917142885	3	0.8333333333333334	0.04217297705326928	23	0.04971622772128651	0.0030110487744298697	0.005624895899628557	5	inhibit	0.030167109761771966	1.300813992597935	0.31388524174690247	-0.5752428516329319	0.8588892817497253	-0.22793518908242574	0.9396591782569885	True	screening_only
Tbx3	-2.814847058854073	2.8191103328353564	3	1.0	0.03647395153529942	26	-0.031622673080554414	0.004593154677644651	0.007115860685895703	6	activate	0.030090594579938196							False	screening_only
Apex1	2.738036366959923	2.9338488390228776	4	1.0	0.02247669640928507	43	0.03335126324216174	0.004002722664675495	0.005141040460958091	6	inhibit	0.025138392646252554	3.1072956543888433	0.008658993989229202	1.2078799269181504	0.6554912328720093	-1.6277686809199197	0.3873789310455322	True	screening_only
Bcl3	3.2105316311616403	3.2901231066073344	4	1.0	0.023175877693574876	27	0.036376575232399996	0.0027123733946121664	0.004256945962708869	6	inhibit	0.023343127125812088	1.163815852427214	0.3607366979122162	0.532921026128057	0.8636234402656555	0.08677621416108487	0.9878000617027283	True	screening_only
Smad5	2.694684022783667	3.7581058118661534	4	0.8333333333333334	0.024554464034736156	34	0.05011666354914155	0.00253812118661223	0.004439101356665809	5	inhibit	0.02317029528881764	0.4572373991470449	0.7270713448524475	1.5876923725303853	0.4458851218223572	-0.6511027566051859	0.7772243022918701	True	screening_only
Plagl1	2.5129585328423367	2.457047461944868	3	1.0	0.044417599216103554	20	0.032531580157316005	0.004044050319968406	0.006237520402164964	6	inhibit	0.022988825509453137	3.4240972414885613	0.003344341879710555	-0.06940962557081672	0.9843567609786987	-3.227226309360256	0.03754248097538948	True	screening_only
Foxq1	2.239069444807722	2.337995713941062	3	1.0	0.17224296648055315	20	0.02393189305193067	0.004573856798856357	0.006430450586856484	6	inhibit	0.022551548866170373							False	screening_only
Mecp2	-3.031697227990464	3.034436117924503	5	1.0	0.008047531358897686	34	-0.02958143143950289	0.002533660887420408	0.004049630082405442	6	activate	0.022528630274855202	-4.657476019334874	5.9494439483387396e-05	-0.6202392392179674	0.8557642102241516	0.9595623162101429	0.6601270437240601	True	screening_only
Rb1	2.604661054911169	2.398244655281179	3	1.0	0.0451672226190567	33	0.024918254811306675	0.0040260282104074285	0.006252836657160865	6	inhibit	0.02249374814007342	1.351550501974196	0.2948625385761261	0.4875592747978087	0.8794050216674805	-1.8102360587805477	0.3529040813446045	True	screening_only
Elk3	-4.052729893790995	3.4760405228045257	4	1.0	0.000644037356323679	26	-0.0485373122192508	0.0038593663170630177	0.003670622494407083	6	activate	0.021265387557461414	-2.5283198511232334	0.03739815205335617	0.6873242845383827	0.8473027944564819	0.05585676032532778	0.9878000617027283	True	screening_only
Ubtf	2.6649885427745432	2.5578576826165107	3	1.0	0.03922559367492795	10	0.045426830360339565	0.003971756401521198	0.005509041081589394	6	inhibit	0.021137014581590105							False	screening_only
E4f1	2.9998561752654727	2.9907249890330365	4	0.8333333333333334	0.02112826646771282	10	0.05751190747354759	0.0036074784234480517	0.005077825062982377	5	inhibit	0.0210921920913884							False	screening_only
Eno1	2.6440387843339637	2.8202879447927223	4	1.0	0.027490015141665936	18	0.04271039353557075	0.002302260825029878	0.004338892218208268	6	inhibit	0.020394875694612884							False	screening_only
Eno1b	2.6440387843339637	2.8202879447927223	4	1.0	0.027490015141665936	18	0.04271039353557075	0.002302260825029878	0.004338892218208268	6	inhibit	0.020394875694612884							False	screening_only
Klf1	2.3851737124440158	2.2791070782552816	3	1.0	0.043786405585706234	27	0.024602543922916036	0.0034674026065160124	0.005592097895725456	6	inhibit	0.01911748484466653	2.6208152313328363	0.03012162074446678	-0.8004281289674329	0.8203834295272827	-1.0075225821550524	0.6371135711669922	True	screening_only
Nr2c2	2.156399996399266	2.5475298839272256	2	1.0	0.084230437874794	67	0.021632322363115384	0.0030235059347823445	0.005383872174890059	6	inhibit	0.018287433675702253	0.16719978512794526	0.9000456929206848	-0.8573033741989088	0.8117617964744568	-2.1486498057559196	0.2344072163105011	True	screening_only
Mef2d	2.229309219358753	2.696219962118066	3	1.0	0.16006179805845022	29	0.03270550387535069	0.002583094502460359	0.0044405119311585195	6	inhibit	0.017958895366219564							False	screening_only
Etv6	2.2460431604962814	2.276280840533509	2	1.0	0.0724437590688467	32	0.02548338661064065	0.003357135716117232	0.0054140803647511615	6	inhibit	0.016431956537855653							False	screening_only
Taf1	2.985442712887604	2.925838632434132	3	1.0	0.0348254261771217	41	0.03492130614464765	0.0018575569263998282	0.003611487047423867	6	inhibit	0.015849942485832342	1.8303020095535603	0.14181500673294067	-0.1602733789094954	0.9477235078811646	-1.7044134950369156	0.3774714469909668	True	screening_only
Ybx3	2.2878568312851018	2.7336517270812446	3	1.0	0.0694565661251545	26	0.029807073953594797	0.0018645135809893243	0.003544292354636047	6	inhibit	0.014533291374797521	0.4417906416358488	0.7345657348632812	0.19490846394972658	0.9410383701324463	0.05599261328618512	0.9878000617027283	True	screening_only
Smarca4	2.612227651531829	2.736987527390788	3	0.6666666666666666	0.03713117353618145	11	0.039211234691585675	0.0038022036339431797	0.005183260885560925	5	inhibit	0.014186520394992783							False	screening_only
Six1	2.5640431278141875	2.646180591778768	3	1.0	0.032837921753525734	17	0.03531596117832614	0.002476516207002122	0.0035409669444649294	6	inhibit	0.014055057006859896							False	screening_only
E2f2	1.888959897610186	1.787185653006283	2	0.8333333333333334	0.1386098824441433	48	0.015022169572573529	0.0035651725023957415	0.0069109853781429975	5	inhibit	0.013723571017725963	1.056846454548552	0.41608062386512756	-0.02493692158727221	0.9843567609786987	1.857495518630627	0.33995315432548523	True	screening_only
Bhlhe41	-2.63120245897632	2.6446696783204193	3	1.0	0.04859503172338009	26	-0.03316849347314019	0.002478729009578684	0.003288890770832553	6	activate	0.013047044545393087	-1.9743439079868854	0.1082756519317627	-1.2828982903205193	0.5968852639198303	0.6192195290732615	0.7799776792526245	True	screening_only
Foxp3	2.208047724714802	2.0873952767866113	3	1.0	0.07306842692196369	47	0.019449217955441273	0.0024680652858196095	0.00393319597429681	6	inhibit	0.012315202049134914	-0.6444201836659672	0.6235657930374146	1.0403567106115361	0.7314451336860657	-0.8573893343879689	0.6874080896377563	False	screening_only
Smad6	-2.1017962864922737	2.2783124423439642	2	0.6666666666666666	0.07347269915044308	23	-0.021490544421299728	0.0023250448393675738	0.0057320967880374885	4	activate	0.011608451051471715	1.656196173085295	0.1891227811574936	0.8110028330580484	0.8203834295272827	2.9813050409325426	0.05572186037898064	False	screening_only
Tfap2c	-2.3128947651415928	2.2838306370378985	3	1.0	0.05962840374559164	33	-0.02240372965163463	0.0020541663394172405	0.0032861874834749782	6	activate	0.011257643480715942							False	screening_only
Myog	2.3918237267259888	2.4948161312637875	2	1.0	0.05764206685125828	65	0.019258715797699513	0.0021880535476379026	0.0030771729455709718	6	inhibit	0.010235974271065287	-0.10353132668435104	0.9345881342887878	0.603967326693726	0.8557642102241516	-1.2313712770620502	0.5589539408683777	False	screening_only
Ewsr1	-2.2329968921273857	2.909074853286176	2	1.0	0.0938902348279953	56	-0.0246899608272292	0.0017617437983150075	0.0025631062615292244	4	activate	0.009941690628953342	0.24039344247885192	0.8624609112739563	-1.0354768785807333	0.7314451336860657	1.0919372767234703	0.5992686152458191	False	screening_only
Maz	2.083763658716901	2.213472714883237	2	1.0	0.09462731704115868	44	0.025479063336639286	0.0022311060681938777	0.003368449227024506	6	inhibit	0.009941293940651031	3.7747667345056968	0.0012356200022622943	-0.36979942959704676	0.9073979258537292	-2.661749987335968	0.102513387799263	True	screening_only
Snai2	-2.6630620726621776	2.55077818133584	3	1.0	0.04036523727700114	49	-0.023178993234444535	0.00149354874920693	0.002568047324904177	6	activate	0.009825778627505168	-4.057276760202646	0.0005098741385154426	1.6895315449204928	0.4038948118686676	1.3311924668660344	0.5286085605621338	True	screening_only
Zbtb16	-2.1812402926860885	1.9862390356178732	1	1.0	0.08708642050623894	52	-0.015738984813939875	0.003222594292559333	0.004087595952074863	6	activate	0.009472099748818814	-2.024707454152092	0.09877363592386246	-0.2427908686991407	0.9410383701324463	1.3537593961325567	0.5165683627128601	True	screening_only
Bhlhe40	-2.507559402385846	2.389662362512193	3	1.0	0.15686514385743067	39	-0.02223296017638161	0.002091083361541346	0.002571550497859676	6	activate	0.00921770615705214	-2.267492162613994	0.06255785375833511	-0.2549519384910117	0.9410383701324463	-0.42664857002513185	0.8500482439994812	True	screening_only
Nr0b2	-2.0249268165402032	2.3658733049017404	2	1.0	0.10370763763785362	108	-0.01482801906528414	0.002108646399429648	0.002901150723875867	6	activate	0.009151673401485698	-2.083699039607583	0.09070795774459839	-1.234036969332065	0.6324572563171387	-0.1712485582396087	0.9676933884620667	True	screening_only
Hes1	-2.0694036348256732	2.0680793780798647	2	1.0	0.08127071335911751	89	-0.013523130395533274	0.0018486911910727266	0.0032144525102213994	6	activate	0.008863657264274575	-0.43485408989894586	0.7351882457733154	0.08568167472253412	0.9843567609786987	1.1338753189156636	0.5973057150840759	True	screening_only
Irf8	2.0107725231335376	2.268167375787972	2	1.0	0.12085831165313721	68	0.02344969538042345	0.0023661962324787456	0.002894241753033433	6	inhibit	0.008752832962498429	2.9095057131206135	0.014565931633114815	1.1257812726684058	0.7077397704124451	-0.4141624476417828	0.8500482439994812	True	screening_only
Klf2	1.9355485650692665	1.9197908391210936	2	0.8333333333333334	0.15617332607507706	65	0.01216386313077278	0.002264556900116066	0.004017871756511027	5	inhibit	0.008570525989903608	0.4359848290263621	0.7351882457733154	-0.4217218567178586	0.8949505686759949	-2.1503254138372574	0.2344072163105011	True	screening_only
Neurod1	1.8793903579220015	2.2863476875338047	2	1.0	0.16351675242185593	58	0.015117385814005211	0.0022130333350904308	0.002799711873236077	6	inhibit	0.008534819689512321	4.084231464481523	0.0004899134510196745	1.744498248729688	0.3874666690826416	-1.5947635055698777	0.40060755610466003	True	screening_only
Gli3	2.6108243945225906	2.3775160464846095	4	1.0	0.029704044573009014	43	0.02433751294160244	0.0014792262390883049	0.0020542008997676	6	inhibit	0.008139826003167651	0.13850462744209688	0.9177401065826416	0.7262734026806976	0.8424339890480042	0.7843831267128435	0.7155990600585938	True	screening_only
Hoxa10	1.8694707785814875	1.7293943843617983	1	1.0	0.19865497201681137	46	0.018592787007315363	0.0021993330116626963	0.0036789305849747045	6	inhibit	0.00742270887646414	1.8218976585157551	0.14256608486175537	-1.0859989143311086	0.7119062542915344	-2.4702005953679467	0.15892265737056732	True	screening_only
Tfap4	1.7160537277174859	1.8973484653576136	2	0.8333333333333334	0.21125052869319916	41	0.013415886149697312	0.002154397880662684	0.003453501293887107	5	inhibit	0.007280550422296928	1.869128765795649	0.1316918581724167	0.5379904176608582	0.8636234402656555	-1.1193533721650373	0.5973057150840759	True	screening_only
Tcf7	1.887071867530979	1.686466772482757	3	1.0	0.20283381640911102	21	0.02257023507891122	0.0019242225622757014	0.002865502974736478	6	inhibit	0.00724886333001535							False	screening_only
Htatip2	-1.891788863515949	1.9002057383186342	3	0.8333333333333334	0.20098617300391197	16	-0.029268399414752913	0.0018082603872251468	0.0028995847777862904	5	activate	0.006887259541863589							False	screening_only
Tead1	2.0160890303647023	2.0497158421466564	2	1.0	0.11682075262069702	30	0.02066193000395963	0.0017670187214785527	0.002389148799868568	6	inhibit	0.006529434859115033							False	screening_only
Smad1	1.7398525850182314	2.9096590174913537	2	0.8333333333333334	0.15881188958883286	70	0.02348926177539979	0.0011589005247219508	0.002007424127423607	5	inhibit	0.006489910793653123	2.4747022186063825	0.04145461693406105	1.2993371740434483	0.5968852639198303	-0.3580611566531921	0.8777078986167908	True	screening_only
Kat5	1.7704976811356414	1.7815863145676565	2	1.0	0.17894509062170982	52	0.020870405186702554	0.0016694556506820502	0.0026711275372731658	6	inhibit	0.006345125686494239	2.463522213431054	0.04236947000026703	-0.02911650433657666	0.9843567609786987	-1.4999600295514284	0.4397609233856201	True	screening_only
Jarid2	-1.6097926435087049	1.8382027777095933	2	1.0	0.21125725656747818	16	-0.03362819071612357	0.001222450580254164	0.002495140094756376	6	activate	0.006115431270607664							False	screening_only
Stat5a	1.6345468160179677	1.9505972856584517	2	1.0	0.24269745498895645	200	0.010057601689645219	0.0013911593318077231	0.0023314066026614566	6	inhibit	0.006063513854556839	1.228716860051375	0.33701851963996887	-1.167140099331781	0.6897374391555786	-1.0570528011105689	0.6166538000106812	True	screening_only
Klf8	1.480338446681368	1.5081737560068413	2	1.0	0.24027995020151138	23	0.026976042218350805	0.0014186075104498097	0.0029511785545838776	6	inhibit	0.005934520060418142	0.6256436921582372	0.6359477639198303	-1.7363753573829965	0.38792696595191956	-0.6246136608876958	0.7799776792526245	True	screening_only
Fosb	1.9127901942290748	2.033914868450456	2	1.0	0.13259482756257057	37	0.014797328781216014	0.0015577722448451015	0.0021187584257328362	6	inhibit	0.005745832353003596	3.58338226248601	0.0021185041405260563	2.004994501054347	0.2682555317878723	0.8410108974065289	0.6874080896377563	True	screening_only
Smad7	-1.7793355210023563	1.7263329327737693	1	1.0	0.17185647785663605	62	-0.017041637911095163	0.002363236529088597	0.0027247398916692145	6	activate	0.005487776242936164	-3.817803743567626	0.0011161797447130084	-1.6821246806099182	0.4038948118686676	-0.25819055435125804	0.9389669299125671	True	screening_only
Mitf	2.0645458583168397	1.8086102711169634	2	1.0	0.08398804813623428	107	0.013168112419213573	0.0015808722828669075	0.0022698978716509943	6	inhibit	0.005473814140072697	3.58572838822472	0.0021185041405260563	-1.368056834610712	0.5709028840065002	-1.5816785201467691	0.4067839980125427	True	screening_only
Tfdp1	2.0402974578749298	1.5403292996398907	0	0.8333333333333334	0.10495958849787712	36	0.01661518978518923	0.002393344139216824	0.004213062509860366	5	inhibit	0.005407919687626914	0.7840826834007751	0.5458322167396545	1.597485776084944	0.4458851218223572	0.0028666406801497665	0.9977128505706787	True	screening_only
Crebbp	1.6762892583574702	1.6051317315904152	2	0.8333333333333334	0.22838115319609642	33	0.022037320452138274	0.0018169794943378448	0.0030302671009161397	5	inhibit	0.0054044198654166565	2.3468532903144497	0.05519634857773781	0.2564540097775247	0.9410383701324463	-2.700130951244722	0.0952240377664566	True	screening_only
Etv4	1.2005210188195092	1.377123597308145	1	1.0	0.44456852972507477	63	0.009620577643320832	0.002093238234146644	0.00334942968329327	6	inhibit	0.0053813417634520945	3.184856723562449	0.006933101452887058	-0.5839992331386469	0.8557642102241516	-2.053200683234668	0.2747627794742584	True	screening_only
Nr0b1	-2.298981362956281	2.164317278682583	2	1.0	0.07396337762475014	46	-0.020842470810479706	0.0009336527129452099	0.00180453803790237	6	activate	0.00520745714062942	-1.3710866855341906	0.28747525811195374	-2.2330202968761754	0.1834287792444229	-1.2249771064988968	0.5589539408683777	True	screening_only
Pax6	2.2708551368122194	2.058047626685362	2	1.0	0.06615868955850601	144	0.01307897497123406	0.0016405041077179883	0.0018649286672293153	6	inhibit	0.005117482690038384	2.456748960832355	0.042776282876729965	-2.24134832112372	0.1834287792444229	-2.2151505240386564	0.23184987902641296	True	screening_only
Irf9	1.0641558688675052	1.959123332058437	2	1.0	0.42946597933769226	26	0.02124827340596739	0.001207476016112763	0.0019233489407972093	6	inhibit	0.005024103714140925	0.431496787119114	0.7354136109352112	0.28315364213764666	0.9410383701324463	-0.9513607774756389	0.6608086228370667	True	screening_only
Nanog	2.188623108629408	2.2884388430474782	3	0.6666666666666666	0.10401083342730999	60	0.018042629636646507	0.0008697303288180969	0.0021945379494513473	4	inhibit	0.0050220658860662265	1.1962688568072457	0.351178914308548	-0.09823663011010648	0.9843567609786987	0.2419827885285443	0.9396591782569885	True	screening_only
Onecut1	1.6698195807336935	1.6121582013902191	2	1.0	0.2113506942987442	28	0.01779253671533158	0.0013277738689419505	0.0022660988402620763	6	inhibit	0.004871079773985826							False	screening_only
Neurog2	-1.803539254701656	1.8557061459184403	2	0.8333333333333334	0.24553404562175274	24	-0.019166574684981223	0.0015453908354122747	0.00234626808247812	5	activate	0.00483776011180769							False	screening_only
Ppara	2.2071716244083364	2.022030479941692	3	0.6666666666666666	0.07965706568211317	254	0.007922866876307806	0.0011948999148173045	0.0023181050342978016	4	inhibit	0.004687279035056437	1.1783525974414784	0.3569539785385132	-0.5426875287004821	0.8636234402656555	-0.9905731860265676	0.6453303694725037	True	screening_only
Smarca5	1.4025943739546092	1.5833558365332465	2	1.0	0.29503077268600464	15	0.0163500959729512	0.0015928440606298722	0.0021944907538237746	6	inhibit	0.00463287965771349							False	screening_only
Ets1	2.256367173923299	2.356618491503404	3	0.6666666666666666	0.132973873289302	210	0.013933888054935815	0.002058085273664967	0.0018924715330785324	4	inhibit	0.004459833409496666	5.060002885431185	1.0606314390315674e-05	1.596138442720547	0.4458851218223572	-0.987056849584443	0.6453303694725037	True	screening_only
Tcf3	1.8714913746329267	1.9223324953575702	2	1.0	0.13447442278265953	122	0.014495230427560594	0.0010193836222322505	0.0017239555281730046	6	inhibit	0.004418687643144387	1.687604215027588	0.18031544983386993	1.9678550342949	0.27391037344932556	-0.10250743950233354	0.9878000617027283	True	screening_only
Foxa2	1.537909121321821	1.5591992880306238	1	0.6666666666666666	0.3296607881784439	117	0.005775364966996719	0.002603473907343501	0.0034752334068092194	4	inhibit	0.0042144522417178025	2.753755276213454	0.022078370675444603	1.2841628891265822	0.5968852639198303	-0.9410348607136833	0.6670746803283691	True	screening_only
Zeb2	-1.0621392641631058	1.6305924030326062	2	1.0	0.42122913897037506	30	-0.01858805913001915	0.0008908490780949463	0.00193375474928692	6	activate	0.004204221071353965							False	screening_only
Cebpb	1.8536669976145077	1.785440758634268	1	1.0	0.12987636774778366	434	0.007827801235477614	0.0016466062798771164	0.0019970013336473302	6	inhibit	0.004159782172164423	3.5225168382640164	0.002571931341663003	0.5432241363117916	0.8636234402656555	-1.4470866002071276	0.4724617302417755	True	screening_only
Hoxb7	1.5189228348166253	1.4979726455483873	2	1.0	0.30060355365276337	20	0.022036887423779634	0.0011758962048100119	0.00205419472647167	6	inhibit	0.004102836678512417							False	screening_only
Stat6	2.0810821094359766	2.0449723241573197	2	0.8333333333333334	0.08570649474859238	118	0.017779943269874227	0.001064423684180693	0.0017986684394503683	5	inhibit	0.004086919087790265	2.677422270984667	0.026748165488243103	0.651710603881221	0.8557642102241516	-1.7867752433501272	0.3529040813446045	True	screening_only
Zfhx3	1.5413644271374718	2.2510864118803173	2	0.6666666666666666	0.10911108180880547	15	0.017349473248513676	0.0014515577096849142	0.0019958847209001207	5	inhibit	0.003993696866575822							False	screening_only
Satb1	-1.0833573226878113	1.8118508439316454	2	0.6666666666666666	0.36170314252376556	43	-0.008381198284854882	0.0016897878923491372	0.0024740006047624385	4	activate	0.003984462296556644	0.2732063788909217	0.8464489579200745	0.2543056519357723	0.9410383701324463	2.4286838747649457	0.16474126279354095	False	screening_only
Foxo1	1.99608633445967	2.215359440670877	3	0.6666666666666666	0.11199351400136948	269	0.007226666220836206	0.0012293306643872404	0.0017842196792479115	4	inhibit	0.003952687910652624	-1.961485077201109	0.1100904643535614	1.9798601825711666	0.27088579535484314	-1.0346408639050948	0.6345256567001343	False	screening_only
Tfap2a	2.155844313312203	1.7099671146122228	1	1.0	0.07405334711074829	304	0.00857078483958737	0.0014876809498009513	0.0018561340290864647	6	inhibit	0.0037029161750589657	2.0475606529161907	0.09549711644649506	-0.043842285629992865	0.9843567609786987	-1.3213651667396484	0.5287230610847473	True	screening_only
Hdac7	0.5404013838481132	1.9388950051962752	2	0.5	0.2985111027956009	13	0.0039061393592298775	0.001875464212736322	0.0027312955173559583	3	inhibit	0.003530463490877629							False	screening_only
Irf2	1.0769596849743792	1.49575336092129	2	1.0	0.4451482445001602	57	0.010988255013506	0.0012004191772920225	0.0016992347717180722	6	inhibit	0.0033888481610555034	1.247148339823407	0.3295916020870209	-0.40312315339290605	0.9009935855865479	-2.4374989349267704	0.16474126279354095	True	screening_only
Vdr	1.559031810712981	1.7994340629642442	2	1.0	0.19834508746862411	143	0.010612488693643327	0.0012368547751804293	0.0014047808000838824	6	inhibit	0.003370413896892136	2.4232367637770094	0.04616826772689819	1.0018276663813344	0.741795539855957	0.16617231548609465	0.9676933884620667	True	screening_only
Gli1	-2.2121268025557637	2.8071636811527463	2	1.0	0.08106078393757343	171	-0.012711258608206434	0.00031782418164411075	0.0008899447705755792	4	activate	0.0033309608509221053	2.0733662333601903	0.09148536622524261	-1.2888590011495682	0.5968852639198303	0.42257233207250566	0.8500482439994812	False	screening_only
Isl1	1.5808766270100116	1.534513789736854	1	1.0	0.23329612240195274	31	0.018082083562096826	0.0010325289720775621	0.0017710648432160414	6	inhibit	0.0031706773285053473							False	screening_only
Jdp2	-1.8839797464967138	2.1343877610361948	2	0.8333333333333334	0.11583751067519188	33	-0.01940399698015787	0.00015142607266893648	0.0013316858746303395	5	activate	0.0031581489248397525	0.33684814815379194	0.8020634055137634	1.8959059962775673	0.31287384033203125	-0.41470308329591615	0.8500482439994812	False	screening_only
Irf3	-1.3327695812115827	1.599949578489588	1	0.8333333333333334	0.3294149190187454	76	-0.007798208044314775	0.00110376777428417	0.0020173057179563303	5	activate	0.003137932226653065	1.9993879615403731	0.10275981575250626	0.1763095262290983	0.9463486075401306	2.114218995765542	0.2469557225704193	False	screening_only
Tbx2	-1.645595657623049	1.8127198705904946	1	0.6666666666666666	0.09587999805808067	31	-0.012487603458258664	0.0013418002484273939	0.0021816439538869803	5	activate	0.003075885046705755	-0.4457293735277115	0.733877420425415	-0.8739629142436071	0.8117617964744568	1.9136056787455804	0.3328457772731781	True	screening_only
Gata2	1.3857992045462457	1.5706613407164178	2	0.8333333333333334	0.29354020208120346	91	0.008594758385812602	0.0006054337044092417	0.0017103398206950726	5	inhibit	0.0029848495953928894	1.0080239564497955	0.43886467814445496	1.441221076044703	0.534850537776947	-1.7367055195756234	0.37022852897644043	True	screening_only
Dnmt1	1.9205284825962519	1.8088979923308461	2	0.8333333333333334	0.11708912253379822	172	0.014104430332797374	8.621844998085715e-05	0.0014451386966620738	4	inhibit	0.0029045649855907116	2.849891066077664	0.017088299617171288	1.0989142514315047	0.7119062542915344	-1.2198422600552912	0.5589539408683777	True	screening_only
Mtf1	2.371465344547526	2.2146568356220055	3	1.0	0.06975151970982552	35	0.026683772909361022	0.0008043263728824135	0.0008333515464663543	6	inhibit	0.0027683815482868216	3.9892583539222923	0.0006288312724791467	3.4109862418648684	0.016465816646814346	0.1699172158046222	0.9676933884620667	True	screening_only
Nfia	-1.3179873087539997	1.6422063749001798	1	0.8333333333333334	0.309304878115654	56	-0.010794123314095416	0.0010327139057699775	0.0017315964775311832	5	activate	0.002764648808207616	-1.2576287236112083	0.3256429135799408	-0.08103044239877265	0.9843567609786987	1.3229108400859002	0.5287230610847473	True	screening_only
Nr3c1	1.2448430194344455	1.7686517451966017	2	0.6666666666666666	0.3101222515106201	275	0.003913875747027128	0.0008879116907457019	0.0017492493879684434	4	inhibit	0.0027500559847239772	0.503974729362123	0.6945106387138367	0.977057573935039	0.745517373085022	-1.5053774595259337	0.4397609233856201	True	screening_only
Rara	1.1646501861536165	1.4993940937666306	2	0.8333333333333334	0.3799896538257599	187	0.007120972130471151	0.0016094135011051058	0.0015545312409251943	5	inhibit	0.002589838845798831	3.5548125517256604	0.0023183953016996384	0.3531206262241281	0.9131598472595215	-0.2281756237016882	0.9396591782569885	True	screening_only
Pou4f1	2.248589556256111	2.814495090954711	3	0.6666666666666666	0.034948921762406826	27	0.03601051926132999	0.0001909959907730463	0.0007715778529595596	4	inhibit	0.0021716020794440563	1.1709630694951623	0.35899439454078674	0.15276369560577818	0.9477235078811646	-0.9758379204493235	0.6524022221565247	True	screening_only
Gata4	1.5241539269196827	2.2097104099517666	2	0.6666666666666666	0.15707863494753838	128	0.007673651677018999	0.0010834852919423543	0.0010137276985320298	4	inhibit	0.001991150798491264	2.8990595055260906	0.014878167770802975	-0.5863639019588465	0.8557642102241516	-1.010266932635488	0.6371135711669922	True	screening_only
Neurog3	-1.4328810656308875	1.6070964722854153	2	0.6666666666666666	0.2934594787657261	26	-0.015135685646812483	0.0009214977699328331	0.001391611956414518	4	activate	0.0019879597030613124							False	screening_only
Fosl1	1.8007763901374512	1.6680220359845297	2	0.6666666666666666	0.14754923433065414	50	0.016891029013777162	0.0008409814745156674	0.0012737737457778064	4	inhibit	0.0018886068238363886	0.8101585883339811	0.5308131575584412	-0.5394610820694061	0.8636234402656555	-0.010465972546720773	0.9946731328964233	True	screening_only
Elf4	1.8273170873353812	1.9379977954606555	1	1.0	0.1311192326247692	48	0.016067683873581172	0.0006454520646540507	0.0007774204808690954	6	inhibit	0.001757745707748648	3.6041468847776423	0.002033131429925561	0.44232256174225193	0.8912356495857239	-0.34065576907035316	0.8903299570083618	True	screening_only
Runx3	1.5511844303844837	1.4474703731027656	1	0.8333333333333334	0.24396268278360367	71	0.009545028561939922	0.00099345863276884	0.00120156501736568	6	inhibit	0.0016909178261048227	0.6481857049607294	0.622911810874939	0.4487665661665269	0.8885892033576965	-1.9773105454559847	0.3039599359035492	True	screening_only
Nr1i2	2.0281413037630385	1.9233703146558507	1	1.0	0.11597798019647598	220	0.007624688584241814	0.0008907908234694339	0.0007529489119034727	6	inhibit	0.001689566183208823	2.2027686015002	0.0716046690940857	0.21675335517508837	0.9410383701324463	-1.0259778470073617	0.6368802189826965	True	screening_only
Hbp1	-1.4779006587003851	1.443678024481871	1	0.6666666666666666	0.27878617122769356	46	-0.014428253205917202	0.0009054281134040498	0.001475206115803207	4	activate	0.0016564509507516042	-1.7259466403012034	0.16795219480991364	1.1688301425452357	0.6897374391555786	1.814432713604406	0.3529040813446045	True	screening_only
Cdx1	-1.3292258440401556	1.26176129341599	0	1.0	0.3070328086614609	41	-0.015701976811974647	0.0006712576111860269	0.0012831336535127358	6	activate	0.0016190083782818144	0.6603792994812951	0.6157020926475525	0.5303654481659212	0.8636234402656555	0.6959868149629669	0.7585058808326721	False	screening_only
Nfatc1	2.0815943370872922	1.8217321701687677	3	0.6666666666666666	0.09019218757748604	120	0.011479447125044721	0.0014853999065614354	0.0008802129140776382	4	inhibit	0.0016035121821732308	2.3092811379426643	0.05793284997344017	-0.8063894220557016	0.8203834295272827	0.10700153125208393	0.9878000617027283	True	screening_only
Twist2	-0.6513690808521667	0.9853700644678015	1	1.0	0.702730804681778	33	-0.0069187583668997845	0.0003581921433651325	0.001170869413809672	6	activate	0.0013460296147305157	0.9361115401120593	0.46898648142814636	1.070002875622354	0.7148886322975159	-1.0202087908971593	0.6368802189826965	False	screening_only
Foxa1	1.3418895433153861	1.2883895785755197	1	1.0	0.30521491169929504	62	0.00978431581798933	0.00045838501732542447	0.0008512729102943539	6	inhibit	0.001279566337171382	-3.032198806502436	0.010685511864721775	0.5085172597717169	0.8779634833335876	0.8162631350187926	0.6991250514984131	False	screening_only
Zeb1	-0.7688428891243547	1.2636882417267457	1	0.6666666666666666	0.5473509132862091	63	-0.006815158476600879	0.0009337349408717888	0.0012510011697612344	4	activate	0.0012295698089217484	-4.558127842811045	8.211139356717467e-05	-0.7248145854252734	0.8424339890480042	1.8826309504405274	0.33995315432548523	True	screening_only
Ncoa2	1.5301034804027314	1.4674464726539593	0	0.8333333333333334	0.26234545558691025	63	0.010905963915461545	0.0009689486696732863	0.0009732595515513087	5	inhibit	0.0011901719132506186	1.6612911319050292	0.18824227154254913	-0.5921768637756646	0.8557642102241516	0.6607215076084604	0.7759783267974854	True	screening_only
Wt1	0.8874917311941899	1.043639604749752	0	1.0	0.5673536658287048	149	0.006130574918986628	0.00026517256151337154	0.0011367606265973995	6	inhibit	0.0011863684110371905	0.6923437522640736	0.5977556109428406	-0.9058168559606257	0.8007010221481323	-1.1854800168629664	0.5748103857040405	True	screening_only
Msx2	1.2094739238092005	1.180678747137133	0	1.0	0.38663195073604584	45	0.008997218187940463	0.000716162806390086	0.0009551941751373971	6	inhibit	0.0011277774619739092	0.5717429855873556	0.6605055332183838	0.04718812866817529	0.9843567609786987	-0.03787861884922085	0.9878000617027283	True	screening_only
Esr2	1.3030279018534832	1.5243532851970458	1	1.0	0.31377340853214264	196	0.004947571435898045	0.00046701637695900633	0.0006129907753689157	5	inhibit	0.001090150252600606	2.316927196193764	0.05725134164094925	1.3440909184722107	0.5829448699951172	0.7287967236623699	0.744618833065033	True	screening_only
Nfkbib	1.7315134128795067	1.442527485324694	0	1.0	0.15135809034109116	21	0.023426884657064093	0.0004499391042066536	0.0007532996541929071	6	inhibit	0.001086655455858856	5.743091583321853	5.292235414344759e-07	3.6679690090342554	0.008098043501377106	-0.3667216269485481	0.8730568885803223	True	screening_only
Nr5a2	1.152291549918876	1.072995764197629	0	1.0	0.4084087610244751	58	0.00886225609284003	0.0005656953889440208	0.0009587967392427066	6	inhibit	0.0010287848399339228	1.114771383876467	0.3874645233154297	-0.7824902413862843	0.8203834295272827	0.7575619725724881	0.7381715774536133	True	screening_only
Pitx1	1.1213381825007396	1.2903301443535156	1	1.0	0.45457589626312256	32	0.010648851455666197	0.0004487310684289092	0.0006695862308379597	6	inhibit	0.0010079851808766495	3.5046757961465462	0.0026537871453911066	2.646436385716607	0.08939037472009659	-2.177247687315222	0.2344072163105011	True	screening_only
Thrb	-1.0790474365713139	1.1033390049278144	0	0.8333333333333334	0.4034375548362732	52	-0.009395110159426148	0.0006117942561261747	0.0009560783867693656	5	activate	0.0008790654799092517	0.29658456958602586	0.8325890302658081	0.8421817570322234	0.8117617964744568	1.118824116508137	0.5973057150840759	False	screening_only
Notch1	0.567869956900619	1.2207966055528112	2	0.6666666666666666	0.6425324380397797	70	0.004037685775903706	0.0004803552759592433	0.0007739495267131691	4	inhibit	0.0008398532934050146	2.4225223899054336	0.04616826772689819	-1.0886336388875624	0.7119062542915344	-0.9249784491332904	0.6751274466514587	True	screening_only
Mxd1	0.7947643909307787	1.1372796173924355	2	0.8333333333333334	0.6186637878417969	24	0.00841290324072004	0.00041662415750676196	0.0006581552650746225	5	inhibit	0.0008316739644987596	0.9408369778762449	0.4676358103752136	-0.37157661357879174	0.9073979258537292	-1.3793406245336723	0.5099007487297058	True	screening_only
E2f3	0.7566980245536368	1.0186589902800107	0	0.6666666666666666	0.36545877158641815	66	0.00899639116519032	0.0002674995689725401	0.0011495617409030823	4	inhibit	0.0007806742681685767	0.9567314953998376	0.4615877866744995	0.028458933167085275	0.9843567609786987	2.3384592711994427	0.1877625286579132	True	screening_only
Crem	-1.0143283216354808	1.229824767719691	1	0.6666666666666666	0.38118234276771545	85	-0.008186486856761101	0.00045367610895602484	0.0007052520704700083	4	activate	0.000674595027360807	-2.1049803208660003	0.08738406747579575	-0.22171246801943842	0.9410383701324463	0.584257418238558	0.7845775485038757	True	screening_only
Pparg	1.0980377040372242	1.4899745979409984	0	0.6666666666666666	0.24783529341220856	354	0.0024184288462942	0.0004927789303764696	0.0006668732744021799	4	inhibit	0.0006624161592699901	-0.5142961362808137	0.6926825642585754	0.5877245241131744	0.8557642102241516	-1.2209047547302236	0.5589539408683777	False	screening_only
Sox4	1.1631551202112962	1.5123190773483393	0	0.6666666666666666	0.24324881285429	22	0.02083823956075101	0.0004298649664403187	0.0006463576956777239	4	inhibit	0.000651666049309556	2.246854537912293	0.06469643861055374	-0.07378523575000302	0.9843567609786987	-0.7114740278645344	0.7470057606697083	True	screening_only
E2f1	0.37579307755473074	1.0739202269487735	1	0.6666666666666666	0.6129556000232697	311	0.001695257404481847	0.00042005099004777113	0.000753299280033537	4	inhibit	0.0006292092596019718	2.6714553907605385	0.026748165488243103	1.6904553812300334	0.4038948118686676	2.6345586883082683	0.10681883990764618	True	screening_only
Bcl6	-1.0612691764153994	1.1641292359163062	0	1.0	0.48217615485191345	94	-0.008338462418330765	0.0003457275237465085	0.0005236010889984044	5	activate	0.0006095393356606584	-0.7027289185934492	0.5942282676696777	0.4845657698004078	0.8794050216674805	3.129198600172224	0.045056164264678955	True	screening_only
Nfkb1	2.824041513359888	2.6614681848864983	3	0.6666666666666666	0.026533976546488702	407	0.008729640004312401	0.00041864325060197993	0.00022545732827294884	3	inhibit	0.0006000475062479646	2.1815721600101416	0.07497959583997726	4.594822525347245	0.0007238679099828005	3.769686914127951	0.010835942812263966	True	screening_only
Rbpj	0.893794050340392	1.0343178202076357	0	0.6666666666666666	0.513837605714798	145	0.005602780932804188	0.00048569805808357236	0.0008430749118551462	5	inhibit	0.0005813382700678395	0.9909688056381462	0.4485163390636444	0.9155020132833057	0.7948042750358582	1.2870822677696208	0.5435616374015808	True	screening_only
Myb	-1.0895669263765364	1.1713020900705389	0	0.8333333333333334	0.4962829500436783	180	-0.0043780221090420155	0.0007672594522927234	0.0005761480178572143	4	activate	0.0005623694812551277	-1.5284630574859202	0.22947439551353455	-0.41990733520005796	0.8949505686759949	0.13745295147509026	0.9803820848464966	True	screening_only
Tcf7l2	0.47682968500668504	1.4933818133913803	1	0.5	0.3026682883501053	109	0.0063320524554567464	0.00024110866338927783	0.0005852142113499381	3	inhibit	0.00050980315176477	1.6157668608336546	0.19783218204975128	1.3860433156402163	0.5709028840065002	2.5113788791615828	0.14678820967674255	True	screening_only
Cdx2	0.6921430103494794	0.9053441228423348	0	0.6666666666666666	0.6546195149421692	68	0.004039852656538265	0.0004872835211922055	0.0008035346631569129	5	inhibit	0.00048498358985947076	0.8802037687997619	0.49451377987861633	0.19080338455185872	0.9410383701324463	-0.41154313611425325	0.8500482439994812	True	screening_only
Irf1	0.8709509162751573	1.2135117461415723	1	0.6666666666666666	0.41283197700977325	156	0.004900363210015058	0.0006240044867637518	0.0004933455273975484	4	inhibit	0.0004656404607581486	-0.24848347099624674	0.858569324016571	-0.6417342492111674	0.8557642102241516	-2.802471011530467	0.07966189086437225	False	screening_only
Nr1i3	-0.5270063681737942	0.8447443484340623	0	0.6666666666666666	0.7011399567127228	53	-0.0034850280553343225	0.00036285995251544856	0.0007959882996276257	4	activate	0.0004482710783533839	1.345117051297517	0.2953183650970459	2.1093624179241597	0.221098393201828	0.5980489127255387	0.7845775485038757	False	screening_only
Pax3	-0.34543675132598944	1.3429319618211222	2	0.6666666666666666	0.5690674334764481	110	-0.001826445713872445	0.00019649186923009765	0.00034484572077342346	4	activate	0.0004116483025101088	-1.1611723588463148	0.3607366979122162	-0.6696624125226804	0.8557642102241516	-0.41073787313289734	0.8500482439994812	True	screening_only
Cebpd	0.9037400895754683	0.849716870637903	0	0.8333333333333334	0.5730631053447723	95	0.004709120007702969	0.00031796303319236996	0.0005245219267933088	5	inhibit	0.00037141260851314466	2.295330313305334	0.058954451233148575	3.1508471176785866	0.03360408544540405	0.5849509472744957	0.7845775485038757	True	screening_only
Sox17	-0.18767325666297857	1.3688328822441136	0	0.5	0.26982133090496063	42	0.002219607925303253	0.000283118916098668	0.0005396762870217287	4	inhibit	0.00036936332372137717	0.02206602236405484	0.9853909611701965	0.6905275967079705	0.8473027944564819	1.8495689443059526	0.33995315432548523	False	screening_only
Foxo3	-1.8364059681551632	1.8245666805886558	1	0.8333333333333334	0.15612537786364555	199	-0.006326048666936875	-0.0005477815011323273	0.00017779606670631498	3	activate	0.00031538964649505867	-0.9608336851574429	0.4615877866744995	-0.24021991283881694	0.9410383701324463	-1.908543701436543	0.3328457772731781	True	screening_only
Nfkb2	-0.09760466141913415	1.3898197013391387	1	0.5	0.3797585070133209	71	0.0008056223316966135	0.0002750660646259062	0.0003805320466596651	4	inhibit	0.0003085080456724624	1.740623421556007	0.16407817602157593	-1.2650564509674034	0.6102491617202759	-0.07828272132232159	0.9878000617027283	False	screening_only
Bcl11a	3.7040081900715105	3.4164696366999383	5	0.8333333333333334	0.0013922952930442989	13	0.06034467875168949	2.6367262656756818e-05	4.544433709080531e-05	3	inhibit	0.0002372015522413368							False	screening_only
Xbp1	0.7321168738423718	1.4782473071804982	1	0.6666666666666666	0.3361898362636566	58	0.006099933628225803	0.00014001887051573458	0.00019774150044499228	4	inhibit	0.00022735287598383202	1.3047646791261232	0.31388524174690247	1.154143958276409	0.6987091898918152	-0.07633918976342166	0.9878000617027283	True	screening_only
Sox6	0.01116637431814499	0.8337787145978616	0	0.5	0.5567591786384583	23	-0.001468864025351998	0.00033900939064346325	0.0005163124620249371	4	activate	0.00021524517045900464							False	screening_only
Gata3	0.5741038082229384	0.7530304800150859	0	0.8333333333333334	0.6495846807956696	182	0.0025704380536849085	0.00025211457868135057	0.0003406768484326972	5	inhibit	0.00021378337558775054	1.4283102204678093	0.26396363973617554	-3.023005268794917	0.04130679741501808	-1.847999680074846	0.33995315432548523	True	screening_only
Egr4	0.5379086279869906	0.7303538967461046	0	0.8333333333333334	0.6864765882492065	15	0.008691589848375215	0.00020867148206998865	0.00032597440579351655	5	inhibit	0.00019839723125899235							False	screening_only
Ctnnb1	0.6632221816515098	1.0655017370656177	0	0.6666666666666666	0.5070530921220779	323	0.002379204090191672	0.00025706900859606696	0.0002766633488277548	5	inhibit	0.0001965235191722424	2.1762060028116688	0.07517673820257187	0.2108034701900044	0.9410383701324463	2.0748226870235236	0.2662537395954132	True	screening_only
Yy1	-0.15288596374898666	1.2668862511216674	0	0.5	0.3139995038509369	246	0.0008958116694393504	8.007510075352942e-05	0.00018382514500048242	3	inhibit	0.00011644277440577904	-1.2949834065058345	0.31388524174690247	1.4556695812049485	0.5319744348526001	1.2771218232725863	0.5436533689498901	True	screening_only
Twist1	-0.36937163177904375	0.7328339594277459	0	0.6666666666666666	0.639408677816391	74	-0.002703302429253863	7.683015275211647e-05	0.00023220692623782124	4	activate	0.00011344608077427271	1.169498070700405	0.35899439454078674	-1.1068902664461664	0.7119062542915344	-0.6141251056374671	0.7802361249923706	False	screening_only
Nrg1	0.6993698994546882	1.0883526841843896	0	0.6666666666666666	0.5188023895025253	34	0.009595829170374657	7.036169449131657e-05	0.00014643391736651745	4	inhibit	0.00010624783134765623	0.901700923138724	0.48188793659210205	-1.0774787274712472	0.7119062542915344	0.7938315137407854	0.7100386619567871	True	screening_only
Hoxa9	0.25809451093054636	1.2607399530151893	1	0.5	0.4441215395927429	38	0.002521739908032703	0.00010280114951499719	0.00014094292919469842	3	inhibit	0.00010365388945960256	-0.7889437297169535	0.5443295836448669	-1.1259726614121344	0.7077397704124451	0.11135952823509464	0.9878000617027283	False	screening_only
Nr1h4	-0.7559554452104088	0.9043148232066255	0	0.6666666666666666	0.49008239805698395	125	-0.003541228268505607	-0.00010153253049294264	0.0001283000668858003	4	activate	7.734910153548715e-05	1.298131576629821	0.31388524174690247	-0.4907085988677145	0.8794050216674805	-0.17034460019742467	0.9676933884620667	False	screening_only
Zfp729a	0.18270416188374347	0.42094165860277916	0	0.6666666666666666	0.868659496307373	51	0.0012310408794295015	5.556872086148745e-05	9.617243773468731e-05	4	inhibit	2.698865696794119e-05	0.8202438782002216	0.5255106687545776	-0.5406233788854623	0.8636234402656555	-1.5398786165646277	0.4236944615840912	True	screening_only
Max	-0.7032817400690139	1.0752038816275447	1	0.6666666666666666	0.6645089685916901	47	-0.004989752636738879	0.00028206905576455554	2.159924913325284e-05	3	activate	1.8062797284244092e-05	-1.819332385252479	0.14256608486175537	0.3575683213573067	0.9131598472595215	-0.057255893750807925	0.9878000617027283	True	screening_only
Runx1	0.009031236158163897	0.7520879047667659	0	0.5	0.6424282193183899	190	-0.00023389737594412457	7.106087364661118e-05	4.743944417501256e-05	3	activate	1.7839316086442576e-05	0.5921631350867959	0.6567642092704773	-1.326838624005578	0.5839800238609314	0.8361304794537502	0.6874080896377563	True	screening_only
Zfp458	0.12136720540809354	0.469071010552945	0	0.6666666666666666	0.8055680692195892	53	0.0006730119119350689	3.837178915500061e-05	5.411532192944879e-05	4	inhibit	1.6922619162562992e-05	0.5872788868628556	0.6568605303764343	-0.18975160876104127	0.9410383701324463	-1.334620045243247	0.5286085605621338	True	screening_only
Srebf2	0.19722042538860687	0.43815336586900955	0	0.6666666666666666	0.8520064353942871	72	0.0009576094477188838	3.833802153263566e-05	4.947191518961391e-05	4	inhibit	1.4450857437543678e-05	2.4926690696073726	0.03979219123721123	-0.45504018688780873	0.8861064910888672	-0.9158885964548195	0.6755861639976501	True	screening_only
Smarca1	-0.01882809183552127	0.7396520990042603	0	0.5	0.5509596467018127	50	-0.0001679919108098861	2.7229891570890175e-05	1.7212628987350875e-05	4	activate	6.365678579937826e-06	1.2064278009408391	0.34680530428886414	2.5559963519519218	0.10264349728822708	0.6117659902572197	0.7802361249923706	False	screening_only
Foxc2	4.718353771918943	4.094577600903987	5	0.8333333333333334	4.398319470055867e-05	23	0.05704335060857088	0.0014907767958263762	0.0	0	inhibit	0.0	0.7206426749675313	0.5849388837814331	2.7361342862772613	0.07884455472230911	2.721484990721792	0.0952240377664566	True	screening_only
Mybl1	3.8765391713220136	3.999676245251711	5	1.0	0.0015994761561159976	11	0.0653496532155205	0.0	0.0	0	inhibit	0.0							False	screening_only
Hsf1	1.7003972454098313	3.3959333156267917	5	0.5	0.000744530072552152	93	0.011562563310195707	0.0007663223648063933	-0.0018337603034520034	3	inhibit	0.0	1.0132810533401118	0.43720149993896484	2.2236042453700913	0.1834287792444229	1.2473821924233721	0.558761715888977	True	screening_only
Tfe3	4.769068068313315	3.736707830783912	4	1.0	1.2608931228896836e-05	36	0.049730187346144476	0.0014643144018067211	0.0	0	inhibit	0.0	3.0827874800480255	0.009275087155401707	0.42999669663383144	0.8949505686759949	0.08339915484754484	0.9878000617027283	True	screening_only
Tead4	3.3897494908832173	3.2189325243793356	4	1.0	0.0037572354485746473	10	0.06616996837506403	0.0004955974865324952	0.0	0	inhibit	0.0							False	screening_only
Atf5	0.24932124174463977	2.433746373469137	4	0.5	0.039424553513526917	30	0.010734327382432702	0.0	0.0	0	inhibit	0.0	1.7703096869910966	0.15676604211330414	3.116749872241289	0.03551897034049034	1.7263596341258347	0.37022852897644043	True	screening_only
Irx1	2.6443924416840248	2.325506826103856	4	0.8333333333333334	0.027782811783254147	19	0.029677266417968248	0.0008579230928431048	0.0	0	inhibit	0.0							False	screening_only
Tfam	2.518329807389585	2.3180607778968447	4	1.0	0.03502691723406315	15	0.03665395127965378	0.0	0.0	0	inhibit	0.0							False	screening_only
Foxh1	3.342306386498014	3.1202698200890233	3	0.8333333333333334	0.030512518575051217	13	0.05272953146267194	0.0013041355865319737	0.0	0	inhibit	0.0							False	screening_only
Hhex	2.3590396407982066	2.749544149945352	3	0.8333333333333334	0.11037146276794374	28	0.03382580353231759	0.0	0.0	0	inhibit	0.0	1.2568479947218734	0.3256429135799408	0.49803142822374336	0.8794050216674805	0.37763221758791493	0.8663432598114014	True	screening_only
Eomes	2.230040849722208	2.5874071450857223	3	1.0	0.17830757284536958	25	0.038539060488720245	0.0012518181665978623	0.0	0	inhibit	0.0							False	screening_only
Nfyb	2.563222081361497	2.4174618633824267	3	0.6666666666666666	0.04698686860501766	42	0.031879434374243856	0.0	0.0	0	inhibit	0.0	0.699135243654972	0.5947641134262085	0.3512816456666611	0.9131598472595215	-0.5997414823604597	0.7845775485038757	True	screening_only
Mecom	-2.009435168999918	2.3183726333199135	3	1.0	0.1503756009042263	20	-0.02442594677544111	0.0006832136007173251	0.0	0	activate	0.0	-0.512285684449049	0.6926825642585754	-0.013980164714004643	0.9888461828231812	1.2691070509776976	0.5438628792762756	True	screening_only
Hsf2	1.792309089952607	2.279985510315058	3	0.6666666666666666	0.2805736429290846	23	0.024230022929986612	-0.0001428012176080129	0.0	0	inhibit	0.0	1.3476553878118585	0.2953183650970459	1.3313634169257684	0.5839800238609314	0.25446277545733925	0.9389952421188354	True	screening_only
Atf1	1.0936211228289483	2.2272222965063673	3	0.5	0.05240568332374096	79	0.008214035501103983	0.00026438032654513277	0.0	0	inhibit	0.0	2.000811261186948	0.10275981575250626	0.8464566871411764	0.8117617964744568	0.7998471367309343	0.7078078389167786	True	screening_only
Litaf	2.1280885788857082	2.199085472220745	3	0.8333333333333334	0.07905218377709389	26	0.02601660825650752	0.0005246035341113231	0.0	0	inhibit	0.0	1.2368944694079285	0.33388733863830566	1.8132348528885087	0.3589939475059509	0.4934077421856272	0.8182080388069153	True	screening_only
Kdm5c	2.4395633113104314	2.185727352822235	3	0.8333333333333334	0.06251617474481463	19	0.03414220790461108	0.0015422035106179566	0.0	0	inhibit	0.0							False	screening_only
Kdm5d	2.4395633113104314	2.185727352822235	3	0.8333333333333334	0.06251617474481463	19	0.03414220790461108	0.0015422035106179566	0.0	0	inhibit	0.0							False	screening_only
Sfpq	2.6377693836180613	2.176034296050061	3	1.0	0.049803373869508505	26	0.029022894046692116	0.0006069411826093996	0.0	0	inhibit	0.0	1.0507185747279528	0.4179026186466217	0.15405419295224995	0.9477235078811646	0.06958452681988572	0.9878000617027283	True	screening_only
Foxn1	2.060756574827411	2.043560023060846	3	0.8333333333333334	0.08978892304003239	49	0.018150087101204748	0.0010182321368436553	0.0	0	inhibit	0.0	0.9289170230750629	0.4694618880748749	-0.7703017610222347	0.8203834295272827	0.023573942376343113	0.9932692646980286	True	screening_only
Mnt	0.6831233822968715	1.9072410227641579	3	0.6666666666666666	0.1661394014954567	11	0.01995730266307472	0.0	0.0	0	inhibit	0.0							False	screening_only
Sox5	-1.8919048517512052	1.8068917308288013	3	1.0	0.20426087267696857	16	-0.02568137391968058	-0.0001792907678085376	0.0	0	activate	0.0							False	screening_only
Fos	2.1329670288526037	1.7520672373996904	3	0.6666666666666666	0.09722581692039967	330	0.007120142415696053	3.530590441036541e-05	-0.0019120458307396726	2	inhibit	0.0	3.506122553046219	0.0026537871453911066	3.950268047294716	0.004318866413086653	3.3251608775156467	0.032454922795295715	True	screening_only
Zbtb7b	-1.574046609359113	1.465734040525555	3	1.0	0.36820503138005733	15	-0.02348050147318308	-6.701735257030883e-05	0.0	0	activate	0.0							False	screening_only
Arx	2.174728267008996	2.5053910876984435	2	1.0	0.08818047493696213	26	0.034644986364979306	0.0013259239846749038	0.0	0	inhibit	0.0	3.643671447985448	0.0018165663350373507	-0.9897746106925737	0.741795539855957	0.30854780002727805	0.906453549861908	True	screening_only
Foxl2	1.5737243694091567	2.4890237194814984	2	0.6666666666666666	0.14897608757019043	20	0.02417844101842982	0.0009078622041974183	-2.9947745979419516e-05	2	inhibit	0.0							False	screening_only
Mzf1	2.2982064154180915	2.2548746257322274	2	1.0	0.0724342092871666	20	0.026232271533823348	0.0	0.0	0	inhibit	0.0							False	screening_only
Srsf2	-2.0899553180342316	2.229073189846204	2	0.6666666666666666	0.10446573048830032	12	-0.03150318500360261	0.0	0.0	0	activate	0.0							False	screening_only
Sall4	-2.0027728416425057	2.21400672041258	2	1.0	0.10159535333514214	21	-0.03239253593047599	0.0010183111800913247	0.0	0	activate	0.0							False	screening_only
Zfp362	1.8954920854765749	2.115702315320036	2	0.8333333333333334	0.14642883837223053	23	0.025709781344689275	0.00024106394650652563	0.0	0	inhibit	0.0							False	screening_only
Nr1h2	-1.8196330022850717	2.080284942368032	2	0.8333333333333334	0.1359361782670021	47	-0.01549744375090277	6.943964054734186e-05	0.0	0	activate	0.0	-1.4413177619301447	0.259819358587265	-1.3660207939173077	0.5709028840065002	-0.744617680610399	0.7429476976394653	True	screening_only
Atf6	0.7243417345940044	2.0345344711436986	2	0.6666666666666666	0.2608100436627865	56	0.006022338100288346	-1.6341180915091513e-05	0.0	0	inhibit	0.0	-0.0492071288407151	0.9725801944732666	1.0329418272673934	0.7314451336860657	-0.2340513001057479	0.9396591782569885	False	screening_only
Smad2	1.619172462815326	2.029443553550766	2	0.8333333333333334	0.13252003490924835	99	0.012341232119395308	0.0006256514606943764	-0.0005617013722175601	2	inhibit	0.0	4.052643906596938	0.0005098741385154426	1.9470880288131653	0.28272420167922974	-0.541300020468063	0.7955795526504517	True	screening_only
Foxf2	-1.7687035453149125	1.894320309201638	2	1.0	0.1765124723315239	11	-0.034018239105612656	0.0	0.0	0	activate	0.0							False	screening_only
Nfyc	0.1849268062748346	1.8717221364649241	2	0.5	0.18176940083503723	25	0.0035347921555061263	0.0	0.0	0	inhibit	0.0	1.6436181568649018	0.19073651731014252	0.17718566152108528	0.9463486075401306	-0.847515486420901	0.6874080896377563	True	screening_only
Klf6	0.5266080939379345	1.8497520008673962	2	0.6666666666666666	0.3814050555229187	62	0.008221191025784828	1.3812506171495542e-05	-1.649294013239544e-05	2	inhibit	0.0	1.8697983279995003	0.1316918581724167	0.7795052245557651	0.8203834295272827	-2.408914752323858	0.16474126279354095	True	screening_only
Prox1	-0.9369781024460917	1.8405536338711077	2	0.6666666666666666	0.23319020494818687	31	-0.010474758746069434	0.0	0.0	0	activate	0.0	-0.5289859503336111	0.6841715574264526	0.4824705449757166	0.8794050216674805	0.8776995369927397	0.6874080896377563	True	screening_only
Nfatc3	1.2132059227603524	1.8399013806601756	2	0.8333333333333334	0.3966192230582237	40	0.018793756103937846	8.475861338785862e-06	0.0	0	inhibit	0.0	0.47330080341292946	0.716602623462677	1.3378253505057902	0.5837913155555725	0.016890691332792557	0.9946731328964233	True	screening_only
Ikzf1	-1.6496152922290843	1.816849659831911	2	0.8333333333333334	0.2051212415099144	48	-0.011592693027726806	0.0007042017218708563	0.0	0	activate	0.0							False	screening_only
Hey1	-1.3309978496211365	1.8151072165313291	2	0.6666666666666666	0.3455611616373062	33	-0.010850087849397602	-9.932158811210012e-05	0.0	0	activate	0.0	0.5909120081889834	0.6567642092704773	-1.8698734305324187	0.3213728368282318	-1.6453453140485021	0.3853083550930023	False	screening_only
Usf2	1.6861749214708872	1.7880281024079885	2	1.0	0.17285621911287308	108	0.011215051268106332	-0.0001610365635542621	0.0	0	inhibit	0.0	-1.4171638914858462	0.26812753081321716	-0.07545549564563812	0.9843567609786987	0.03987122038416888	0.9878000617027283	False	screening_only
Elf5	-1.235903464768498	1.7418815285056972	2	0.6666666666666666	0.3935750052332878	11	-0.03220851954123879	0.0	0.0	0	activate	0.0							False	screening_only
Mafa	1.5189151431101302	1.7071666093470792	2	1.0	0.33099108189344406	20	0.02365265079031789	-4.9859353452141875e-05	0.0	0	inhibit	0.0							False	screening_only
Pitx3	-1.1786693133932213	1.621560954863828	2	0.8333333333333334	0.4289429932832718	22	-0.013491364031317458	0.0	0.0	0	activate	0.0							False	screening_only
Erg	-1.4896945684106742	1.5743763847778576	2	0.8333333333333334	0.3338508903980255	56	-0.011175326222574843	0.0003708358576771098	0.0	0	activate	0.0	-3.449961912508761	0.0031432609539479017	0.19372142176328136	0.9410383701324463	0.7286541283445664	0.744618833065033	True	screening_only
Gfi1b	0.4381669637867043	1.4435586310685535	2	0.6666666666666666	0.4397394135594368	13	0.005144755570952236	-0.0010700655513431467	-0.0018517874102440546	2	inhibit	0.0							False	screening_only
Zfp42	0.8723983370384552	1.4434040568075988	2	0.6666666666666666	0.31636250019073486	19	0.015474558153528878	0.00013375711735008622	0.0	0	inhibit	0.0							False	screening_only
Tfap2b	-0.5623619239100002	1.3926362945696324	2	0.6666666666666666	0.5996854305267334	25	-0.006507398094480369	-3.3385489147663705e-06	0.0	0	activate	0.0							False	screening_only
Tal1	-0.06937143569126183	1.3115324495006833	2	0.5	0.6393345445394516	92	3.9908504279608805e-05	-4.437553048503018e-05	-5.71612840484792e-05	3	inhibit	0.0	1.4856255860485632	0.24253670871257782	-0.5623744485994261	0.8630492091178894	-1.0793981802500972	0.6070141196250916	False	screening_only
Creb3l1	0.5254448920712302	1.1036225420510364	2	0.8333333333333334	0.7104267179965973	11	0.010010284205790034	0.0	0.0	0	inhibit	0.0							False	screening_only
Hoxa7	1.7440108438772177	1.9501409440177546	1	0.6666666666666666	0.1291605457663536	15	0.023612919968927906	0.00011594303796125249	0.0	0	inhibit	0.0							False	screening_only
Zglp1	1.6979422720439605	1.937087628423831	1	0.6666666666666666	0.16137441992759705	22	0.022474571283305787	0.0	0.0	0	inhibit	0.0							False	screening_only
Nfya	1.2371131981657566	1.9187520728267122	1	0.6666666666666666	0.18913722038269043	92	0.007942013714451506	9.124164748613994e-05	0.0	0	inhibit	0.0	2.2464962053965567	0.06469643861055374	0.38874408351470613	0.9069948196411133	0.5462941476367901	0.7955795526504517	True	screening_only
Ppard	1.789151110210138	1.9094380715377044	1	1.0	0.13976939022541046	95	0.011663759587877073	3.854955502591295e-07	0.0	0	inhibit	0.0	0.8569782033450153	0.5050907731056213	1.1018273054424534	0.7119062542915344	-0.838329609594878	0.6874080896377563	True	screening_only
Msc	2.0297587637243106	1.8563618915370734	1	0.8333333333333334	0.09054401144385338	27	0.02403901312194475	0.0	0.0	0	inhibit	0.0	2.372242935262276	0.05200843885540962	0.7898455135884453	0.8203834295272827	-0.8498353092256479	0.6874080896377563	True	screening_only
Lrrfip1	-1.7589369826643195	1.7861699210222637	1	1.0	0.17510613799095154	14	-0.0339426747619683	0.0009547283245143201	0.0	0	activate	0.0							False	screening_only
Nfil3	-1.653825659157918	1.7427945672629788	1	1.0	0.2034524753689766	36	-0.016323301951925145	-4.6264209880853e-06	0.0	0	activate	0.0	0.9734302146006673	0.4586152136325836	0.6501399256807647	0.8557642102241516	-1.0158581779574154	0.6368802189826965	False	screening_only
Zfp384	1.627447042625669	1.73118406193252	1	0.8333333333333334	0.22210031747817993	28	0.016359842103971213	0.00034827763188510774	0.0	0	inhibit	0.0							False	screening_only
Creb5	1.5548472621084484	1.7099374064735107	1	1.0	0.22393279522657394	12	0.03897998043491195	0.0	0.0	0	inhibit	0.0							False	screening_only
Nrf1	1.7503408462533785	1.7037256162437195	1	1.0	0.1790817230939865	90	0.009791372352054965	0.0006533883595534196	0.0	0	inhibit	0.0	2.493328309104215	0.03979219123721123	1.7436397525702012	0.3874666690826416	1.7438850197550084	0.37022852897644043	True	screening_only
Arid4b	1.5530622910344678	1.6811429401083042	1	1.0	0.20808346569538116	12	0.026928908187472005	-6.383220294658987e-05	0.0	0	inhibit	0.0							False	screening_only
Elf3	1.5907759706855982	1.64587753446322	1	0.8333333333333334	0.20736923068761826	29	0.01948743749975399	0.0011473041261398365	0.0	0	inhibit	0.0	2.551568527764437	0.03534499928355217	0.031670026187973495	0.9843567609786987	-0.07089506849295607	0.9878000617027283	True	screening_only
Stat2	1.286245221225199	1.6417679617944676	1	0.6666666666666666	0.18447905778884888	50	0.011069767697941475	0.0003706332079536079	0.0	0	inhibit	0.0	0.7484357247073034	0.5682072043418884	0.27032165683124526	0.9410383701324463	0.1769051001893223	0.9676933884620667	True	screening_only
E2f4	-0.7788853589651202	1.602318852293812	1	0.6666666666666666	0.26011835038661957	161	-0.0024325483670622357	-0.0008104130280467414	-0.0011718510460441145	2	activate	0.0	-1.0675196515122813	0.4134601652622223	1.7065910180331665	0.4038948118686676	3.557220407122174	0.015506710857152939	True	screening_only
Mbd1	1.665762594443481	1.5940165191641145	1	0.8333333333333334	0.17145788669586182	20	0.022398785541997264	-0.00015274241697149638	0.0	0	inhibit	0.0	-2.3365298570435855	0.056245338171720505	1.5872921107803264	0.4458851218223572	3.083010527206583	0.04510498046875	False	screening_only
Dlx4	1.6241180436522633	1.5607503333321358	1	0.8333333333333334	0.19321713969111443	42	0.018892397589695416	0.0006107800498329485	0.0	0	inhibit	0.0	0.22161994497607287	0.86954665184021	0.6003451039827253	0.8557642102241516	0.6385715557366695	0.778763473033905	True	screening_only
Maf	1.4966266405361868	1.525526864778539	1	1.0	0.2587771713733673	60	0.010526597842000485	0.00016160424480743396	0.0	0	inhibit	0.0	2.12380520417158	0.08404046297073364	2.8243824952287118	0.06510649621486664	-0.13329265164529033	0.9803820848464966	True	screening_only
Msx1	-1.5186107710711392	1.4835675359991864	1	1.0	0.25068090856075287	26	-0.017937100177449705	0.0	0.0	0	activate	0.0							False	screening_only
Nfat5	-0.6116578408372992	1.4739811559852154	1	0.6666666666666666	0.5161043405532837	50	-0.007954373008090935	-0.00023431888739045004	-0.0005898321146754482	2	activate	0.0	0.5781632287360934	0.6605055332183838	-1.361085377251676	0.5709028840065002	-0.24371589538454835	0.9396591782569885	False	screening_only
Snai1	0.1012709597216872	1.4603115139697478	1	0.5	0.32013826072216034	101	0.0014184756998263798	0.0005478149805212551	-7.849115763702841e-05	3	inhibit	0.0	3.3942836113315336	0.0036115406546741724	0.7699364869239108	0.8203834295272827	0.31757917145056097	0.9048078656196594	True	screening_only
Pou2f2	-1.4362103408637439	1.4410740653913952	1	0.6666666666666666	0.2534172832965851	48	-0.011762786961423015	-1.0966118857536067e-05	0.0	0	activate	0.0							False	screening_only
Aire	1.1104409985212498	1.3897619652644835	1	0.8333333333333334	0.4603966027498245	23	0.01254159355244714	0.0	0.0	0	inhibit	0.0							False	screening_only
Atf3	0.07538858780661672	1.38215602474044	1	0.5	0.5136133879423141	110	0.0019038014918758743	6.693175538197149e-06	-0.0002568424369535638	1	inhibit	0.0	1.6146276016397374	0.19783218204975128	3.7721476387705586	0.0068374634720385075	1.2885566900490777	0.5435616374015808	True	screening_only
Hoxa5	0.1520428524866304	1.3348153754754188	1	0.5	0.464461550116539	15	0.0003223130086467069	-1.4520372015103256e-05	0.0	0	inhibit	0.0							False	screening_only
Zfp354c	0.2619151929494808	1.3265357590187439	1	0.5	0.4729645252227783	29	0.0010893066487161185	0.0	0.0	0	inhibit	0.0							False	screening_only
Nr1h3	-1.2415637996237598	1.3197672733718175	1	0.8333333333333334	0.3419913575053215	132	-0.006379722519490486	2.5604028214276653e-05	0.0	0	activate	0.0	2.085213648735598	0.09070795774459839	-1.0313840701428791	0.7314451336860657	-1.1000711836852897	0.5991236567497253	False	screening_only
Nr4a1	1.184860634905426	1.312730782127079	1	0.6666666666666666	0.363852396607399	92	0.011367774172111328	0.0004984269346060555	-5.500180433726243e-05	2	inhibit	0.0	1.9040102563092047	0.12407493591308594	-0.1529800106665664	0.9477235078811646	0.09427965216932185	0.9878000617027283	True	screening_only
Rarg	1.4281715083532147	1.2905966630036645	1	0.8333333333333334	0.25106019526720047	41	0.01792017124590293	0.0011090421690023167	0.0	0	inhibit	0.0	2.9527255858238752	0.013402874581515789	-1.1119254635832203	0.7119062542915344	0.29383925731303223	0.9132288098335266	True	screening_only
Epas1	1.0757760801658953	1.289325201403283	1	0.8333333333333334	0.4137565791606903	94	0.006897859544422137	0.00032717417200345267	0.0	0	inhibit	0.0	1.2875395760292863	0.31388524174690247	1.3056660875201065	0.5968852639198303	1.1278144680003623	0.5973057150840759	True	screening_only
Nfatc4	1.4482826033378968	1.2822704611139142	1	0.6666666666666666	0.2404763102531433	41	0.01833605298148107	0.00013268425227364045	0.0	0	inhibit	0.0	3.428509308216401	0.003344341879710555	-0.24328685785763257	0.9410383701324463	-0.9560193474352958	0.6601270437240601	True	screening_only
Nkx2-1	0.54072849619729	1.2710982880315933	1	0.8333333333333334	0.7061036229133606	57	0.006708123421252396	-6.911158064060174e-05	0.0	0	inhibit	0.0	-1.3976644422654807	0.275656521320343	-0.8191266491392013	0.8203834295272827	-0.4010881503382447	0.8546133637428284	False	screening_only
Ciita	-1.0025335350848357	1.2656490850688604	1	0.6666666666666666	0.5115068703889847	28	-0.009662111676243864	0.0	0.0	0	activate	0.0	-3.3004016463213652	0.004909059032797813	0.6382785619989776	0.8557642102241516	1.0018281362716888	0.6387408375740051	True	screening_only
Bach1	0.9016025836484695	1.2294811989179752	1	0.6666666666666666	0.48747213184833527	17	0.018943471199475637	-2.9071408943648347e-05	0.0	0	inhibit	0.0							False	screening_only
Mef2a	1.359792261775652	1.2285510075499235	1	0.8333333333333334	0.3440789580345154	118	0.009532856600671002	6.222639293823606e-05	0.0	0	inhibit	0.0	1.4962610138764698	0.24071858823299408	0.3144853529046566	0.9350565075874329	1.629504419456437	0.3873789310455322	True	screening_only
Sox11	-0.4307487827705804	1.2261272908647067	1	0.6666666666666666	0.5217427313327789	12	-0.007120305174965397	0.0	0.0	0	activate	0.0							False	screening_only
Vsx2	-0.9648448414870898	1.2239839388698655	1	0.8333333333333334	0.5173906832933426	30	-0.011022572929761987	-3.089765618580209e-05	0.0	0	activate	0.0	-1.4846092175407029	0.24253670871257782	-0.8171088125869594	0.8203834295272827	-0.6218752584390786	0.7799776792526245	True	screening_only
Elf1	0.8623980587615812	1.2105938544713597	1	0.8333333333333334	0.4415290802717209	77	0.006140419270459953	0.00039756508308302907	0.0	0	inhibit	0.0	0.0420569117469375	0.975348174571991	0.37946775997653137	0.9073979258537292	0.05173091351810183	0.9878000617027283	True	screening_only
Foxc1	-0.9832209149352344	1.206018211143984	1	0.8333333333333334	0.5068892240524292	17	-0.01383998538204675	-3.1403406884344953e-06	0.0	0	activate	0.0							False	screening_only
Ezh2	0.5822933892786203	1.164874558606878	1	0.8333333333333334	0.4648057520389557	140	0.0031383735644359293	0.00010609467213407164	-2.151846668418944e-05	3	inhibit	0.0	1.2873399670329844	0.31388524174690247	-0.21503843576074574	0.9410383701324463	1.8037829362461977	0.3529040813446045	True	screening_only
Elf2	-0.7363035323550688	1.1536671209990537	1	0.6666666666666666	0.5998340845108032	10	-0.01971897568803687	0.0	0.0	0	activate	0.0							False	screening_only
Preb	-0.9685773924937375	1.1495577908894388	1	1.0	0.4682971388101578	21	-0.012190648510564266	0.0	0.0	0	activate	0.0							False	screening_only
Etv3	0.2502939557578239	1.1360883709773641	1	0.5	0.6156623661518097	11	0.004488112976837111	0.0	0.0	0	inhibit	0.0							False	screening_only
Hoxa13	-0.18183407205596222	1.1329449531009859	1	0.6666666666666666	0.6200082451105118	14	-0.0028605655344692144	9.973947699914998e-06	0.0	0	activate	0.0							False	screening_only
Zfp382	0.0677016927429042	1.1242048753266938	1	0.5	0.7673148810863495	11	-0.0007246213713159354	0.0	0.0	0	activate	0.0							False	screening_only
Hdac9	-0.836658625985254	1.1195797736629804	1	1.0	0.5428125560283661	17	-0.01291997402726193	0.0	0.0	0	activate	0.0							False	screening_only
Hoxd13	-0.7531878794807512	1.114343682956495	1	1.0	0.6208033561706543	19	-0.01763288404915285	8.013663186423603e-06	0.0	0	activate	0.0							False	screening_only
Hey2	0.014952425132535224	1.0831017843949764	1	0.5	0.637701153755188	21	-0.0019688346187939566	0.0	0.0	0	activate	0.0							False	screening_only
Erf	-0.02086462135446289	1.0675441880934875	1	0.5	0.5956068485975266	17	-0.0018627633113036993	0.0	0.0	0	activate	0.0							False	screening_only
Atf7	0.8091551757553269	1.0641311702560718	1	0.8333333333333334	0.5772598385810852	10	0.014538268955231106	0.0003213451038650006	0.0	0	inhibit	0.0							False	screening_only
Prdm1	-0.8688046689739843	1.05316907597766	1	0.6666666666666666	0.5406356453895569	65	-0.005620452875839144	-5.817381364103813e-05	0.0	0	activate	0.0	-1.4395073651228683	0.259819358587265	0.3095344039032179	0.9361947774887085	-0.5468272469578919	0.7955795526504517	True	screening_only
Kmt2a	0.8297995743451789	1.0452962082784116	1	0.8333333333333334	0.5963533520698547	67	0.008193538093047832	0.0001031602466252668	0.0	0	inhibit	0.0	0.23700166171609002	0.8624701499938965	-0.9849566269446461	0.741795539855957	0.45556329199053264	0.8402672410011292	True	screening_only
Olig2	-0.7852214165232749	1.0300621193099484	1	0.8333333333333334	0.6146908402442932	18	-0.010283598899651015	0.0	0.0	0	activate	0.0							False	screening_only
Sin3a	0.5951305966675987	0.9888083164982588	1	0.8333333333333334	0.6775824129581451	12	0.012808430109197765	0.0	0.0	0	inhibit	0.0							False	screening_only
Pou3f2	0.8167013244672554	0.955003978116795	1	1.0	0.5389241427183151	31	0.008140576451672992	0.0	0.0	0	inhibit	0.0							False	screening_only
Hmga2	-0.5811072925169035	0.9166365920106037	1	0.8333333333333334	0.6742499470710754	42	-0.005814520642743945	-0.00015687182758084006	-0.00025831846345469867	1	activate	0.0	0.6781691548360789	0.6042004823684692	0.3422172269804641	0.9131598472595215	-0.5388084116703695	0.7955795526504517	False	screening_only
Gtf3a	0.491527402158663	0.8626816503293445	1	0.8333333333333334	0.7832388877868652	25	0.0086603459546273	2.3360891759804936e-05	0.0	0	inhibit	0.0	2.1744065345749766	0.07517673820257187	1.4430163867983075	0.534850537776947	1.570999642146484	0.4067839980125427	True	screening_only
Zfp143	0.44925849934171375	0.8506855644156294	1	0.6666666666666666	0.6790999472141266	27	0.005927337115440872	-5.0144673328089695e-06	0.0	0	inhibit	0.0	-0.8276269389865483	0.5221851468086243	2.7155037753779716	0.08081614971160889	1.196218658277943	0.5734677910804749	False	screening_only
Foxp1	-1.6375041803990462	1.5095417771034345	0	1.0	0.21218198537826538	33	-0.018817438564590144	-0.00010029267158107036	0.0	0	activate	0.0							False	screening_only
Tet1	-1.3778817912623478	1.4683528835066229	0	1.0	0.2700871378183365	13	-0.025700715416419502	0.0	0.0	0	activate	0.0							False	screening_only
Lyl1	1.6564446872046723	1.415062208502053	0	0.6666666666666666	0.20262134820222855	12	0.02835471801241729	0.0	0.0	0	inhibit	0.0							False	screening_only
Hnf1a	-1.584650078661929	1.3985216780984346	0	1.0	0.25152044743299484	131	-0.007194045070807023	2.167032709871064e-05	0.0	0	activate	0.0	0.2573427044478271	0.8551800847053528	-1.3769328014749538	0.5709028840065002	-0.8809854600644125	0.6874080896377563	False	screening_only
Rxrb	1.694994721778193	1.379626583442436	0	0.8333333333333334	0.17111943662166595	16	0.029575478509025473	0.001315368806548256	0.0	0	inhibit	0.0							False	screening_only
Nfatc2	1.580737985188694	1.3570572031083532	0	1.0	0.21215295791625977	84	0.010890540610559434	0.00015807081438679038	0.0	0	inhibit	0.0	2.51588733664573	0.03836261108517647	-0.41984125710596165	0.8949505686759949	-0.22917280062237969	0.9396591782569885	True	screening_only
Ebf1	-0.9733242871553243	1.3241656022242863	0	0.8333333333333334	0.3506855368614197	33	-0.01188362808915483	-3.0623232012749746e-05	0.0	0	activate	0.0							False	screening_only
Rest	1.4051255996154755	1.3003945758649804	0	1.0	0.29231102764606476	63	0.010719237199735086	-2.9415756754080924e-05	0.0	0	inhibit	0.0	0.12477534229395063	0.9231521487236023	0.9896829248687142	0.741795539855957	0.12878194638437832	0.9810250401496887	True	screening_only
Brd4	1.4299787884558364	1.2567147982819946	0	0.8333333333333334	0.2554348558187485	12	0.025786826546071097	0.0	0.0	0	inhibit	0.0							False	screening_only
Mafk	-1.294563061511236	1.2534932310058584	0	0.8333333333333334	0.3213573843240738	25	-0.0198232745625605	1.314579532896154e-06	0.0	0	activate	0.0	-1.0658352983863582	0.4134601652622223	-0.4577874289819971	0.8861064910888672	0.7377766769505905	0.7429476976394653	True	screening_only
Hnf1b	-1.0997748395441356	1.2442180049309375	0	0.8333333333333334	0.3938101828098297	58	-0.008128090256098898	-7.264331721590356e-05	0.0	0	activate	0.0	4.561405593512306	8.211139356717467e-05	1.9988436391811253	0.2682555317878723	1.0729115945570777	0.6092833876609802	False	screening_only
Ascl1	1.2001195102182933	1.2336399031226224	0	0.6666666666666666	0.3794349879026413	69	0.0069480059134274345	8.900292420266354e-05	0.0	0	inhibit	0.0	2.2932330207045566	0.058954451233148575	-0.5614727183842796	0.8630492091178894	-0.48915130888711983	0.818893551826477	True	screening_only
Pdx1	-1.2140094682537672	1.2159483763857601	0	1.0	0.41032128036022186	73	-0.008910054631970154	-4.113845327435861e-05	0.0	0	activate	0.0	0.5707951869119355	0.6605055332183838	-1.5310708602204959	0.4757004976272583	-1.5243797504798189	0.4322962462902069	False	screening_only
Hdac3	1.2857693013263247	1.1996610917375807	0	0.8333333333333334	0.34508755803108215	27	0.011607904368462249	5.220236018577129e-05	0.0	0	inhibit	0.0	-0.013486002453722874	0.9892404079437256	-0.2488744368580347	0.9410383701324463	0.6799084989876687	0.7655516862869263	False	screening_only
Dnmt3b	-1.1802726681061062	1.1983520033408552	0	1.0	0.3603929728269577	66	-0.00850204297729896	4.4800162613878314e-05	0.0	0	activate	0.0	-1.9663394042708755	0.10958243161439896	-0.7605210277220454	0.8261348605155945	-0.39270506470670397	0.8590465188026428	True	screening_only
Kat6a	1.1211897108540219	1.182378993899493	0	1.0	0.4110015779733658	13	0.024643392030906618	0.0	0.0	0	inhibit	0.0							False	screening_only
Tcf12	1.0101024249803394	1.1459596951625703	0	0.8333333333333334	0.3153005987405777	48	0.011261667358960021	0.0003675810657717826	0.0	0	inhibit	0.0	1.763885169292699	0.1579832285642624	0.8607166893083181	0.8117617964744568	1.2866373322892088	0.5435616374015808	True	screening_only
Tfcp2	1.411112564509355	1.111398440623874	0	0.6666666666666666	0.27894746512174606	75	0.009552052913218253	0.00025645914124500235	0.0	0	inhibit	0.0	3.7186869035065135	0.0014423804823309183	2.5686199440228403	0.10198193788528442	0.49946473109279044	0.8158491253852844	True	screening_only
Gabpa	1.1759411861449498	1.1049202342405213	0	0.6666666666666666	0.381821870803833	36	0.01147257411003949	1.9432730864576975e-05	0.0	0	inhibit	0.0	0.7065692134563818	0.5935057401657104	-0.22916100015919838	0.9410383701324463	-0.4227819867753013	0.8500482439994812	True	screening_only
Gata6	1.1776762709347275	1.1006468775333362	0	0.8333333333333334	0.4015004187822342	81	0.00889929825973452	0.0003714362750965039	0.0	0	inhibit	0.0	1.648298520478096	0.19000209867954254	-0.22478923039687423	0.9410383701324463	1.1439235288348384	0.5973057150840759	True	screening_only
Mlxipl	-1.111420624425456	1.0892484028045166	0	0.8333333333333334	0.46158525347709656	16	-0.013452768200726942	0.0	0.0	0	activate	0.0							False	screening_only
Scx	-1.0718427023991322	1.0845556338026083	0	0.6666666666666666	0.4884942024946213	12	-0.016450424379997355	0.0	0.0	0	activate	0.0							False	screening_only
Stat4	-1.0649686063630637	1.068299285960599	0	1.0	0.4705953896045685	30	-0.012012746588673172	0.0	0.0	0	activate	0.0							False	screening_only
Sry	0.18049228141856685	1.0610050613746418	0	0.6666666666666666	0.519666850566864	39	0.00445435228231994	7.030813175523676e-05	0.0	0	inhibit	0.0	0.5903763534766171	0.6567642092704773	-0.39870353593079444	0.9009935855865479	-0.15912927480534636	0.9676933884620667	True	screening_only
Runx2	1.1270258092975034	1.0568709284528197	0	0.6666666666666666	0.38361942768096924	121	0.007684495442259433	0.00020547211039090296	-0.0001123857410252338	2	inhibit	0.0	2.3961677911447805	0.04917607456445694	-0.34854544772427426	0.9131598472595215	1.0915977540708346	0.5992686152458191	True	screening_only
Klf13	0.3623790310322623	1.040518747048787	0	0.5	0.4147402495145798	12	0.004353590283089591	4.80995721818811e-05	0.0	0	inhibit	0.0							False	screening_only
Esrra	-0.8873720317024214	1.0200636522120534	0	0.6666666666666666	0.5262774676084518	47	-0.006943606381030434	0.0	0.0	0	activate	0.0	-0.2835059987404712	0.8406779170036316	0.704687058454763	0.8473027944564819	0.3139755206484835	0.9048078656196594	True	screening_only
Dlx3	-0.9729514863797705	1.0167482035397315	0	1.0	0.47554823756217957	18	-0.014838664693626429	0.0	0.0	0	activate	0.0							False	screening_only
Dbp	0.7083122719802638	1.015067871147884	0	0.8333333333333334	0.5886738151311874	31	0.010225201151965232	0.0	0.0	0	inhibit	0.0	1.2187884405049443	0.34118372201919556	0.36975337519084756	0.9073979258537292	1.2789701493695047	0.5436533689498901	True	screening_only
Hoxb4	-0.8348203805932899	1.0055912632231652	0	1.0	0.5439292788505554	11	-0.021078634721043363	0.0	0.0	0	activate	0.0							False	screening_only
Otx2	-1.0975516795411826	0.9850035894988651	0	1.0	0.47361771762371063	37	-0.009371696651808778	-1.038735830627413e-05	0.0	0	activate	0.0							False	screening_only
Nkx3-1	0.8564601414143886	0.9798979298928371	0	0.6666666666666666	0.5412676483392715	66	0.011082551774724841	-3.3841344184271094e-05	-8.647345137846596e-05	2	inhibit	0.0	-0.9636674072152099	0.4615877866744995	0.02691996154546778	0.9843567609786987	0.45612717095106203	0.8402672410011292	False	screening_only
Rcor2	-0.25772658019650585	0.9744480009853084	0	0.6666666666666666	0.5337062478065491	16	-0.001710570109204335	0.0	0.0	0	activate	0.0							False	screening_only
Zfpm1	0.7168191773514326	0.9741797439120551	0	0.6666666666666666	0.5101737529039383	16	0.007504899549653506	0.0	0.0	0	inhibit	0.0							False	screening_only
Tbx21	-0.9447989434850886	0.9700515999645201	0	1.0	0.5552908182144165	49	-0.008390227903648939	2.8173709471446262e-05	0.0	0	activate	0.0	-0.6804659764894101	0.6042004823684692	-1.7783330687591703	0.38158324360847473	-0.5261982637885011	0.8007882237434387	True	screening_only
Ovol1	0.841928903824666	0.9670968544793156	0	0.8333333333333334	0.6014794409275055	10	0.02249024325239961	0.0	0.0	0	inhibit	0.0							False	screening_only
Fosl2	0.95767586024114	0.963767064402337	0	0.8333333333333334	0.5301070809364319	41	0.007282591168936731	-3.5844049216193774e-05	0.0	0	inhibit	0.0	1.6524873785014182	0.18946586549282074	2.229027893417821	0.1834287792444229	0.8182168845981859	0.6991250514984131	True	screening_only
Klf3	-0.856962964562417	0.962815561175956	0	1.0	0.5953069031238556	16	-0.017510918139247593	0.0	0.0	0	activate	0.0							False	screening_only
Srebf1	-0.3602291408983963	0.9513830174852235	0	0.6666666666666666	0.4480081796646118	132	-0.001793624942240792	-0.0001468017171257774	-0.0003952897722511173	2	activate	0.0	1.4702845303618175	0.24767005443572998	-0.5914176433290149	0.8557642102241516	-1.725939425815186	0.37022852897644043	False	screening_only
Rxra	0.9290736102439328	0.9505020494492878	0	1.0	0.5699726641178131	106	0.005993039814681425	0.0001458054604136505	0.0	0	inhibit	0.0	3.9523020277055148	0.0006944407359696925	-0.7434639350614842	0.8357031941413879	-0.7403359661518397	0.7429476976394653	True	screening_only
Tef	0.9000260516316865	0.9451538697908751	0	0.8333333333333334	0.5862192511558533	15	0.01718432124936841	0.0	0.0	0	inhibit	0.0							False	screening_only
Sox10	0.2361532225132584	0.9410855547303881	0	0.5	0.5494053214788437	33	0.001827863173318629	0.0	0.0	0	inhibit	0.0							False	screening_only
Gata5	-0.772483722565209	0.9244415590102976	0	0.8333333333333334	0.5816321671009064	27	-0.011953634702414097	-6.52916455261554e-05	0.0	0	activate	0.0							False	screening_only
Deaf1	0.9503103881721578	0.9115277631408999	0	0.6666666666666666	0.488752618432045	12	0.013324913223811328	0.0	0.0	0	inhibit	0.0							False	screening_only
Nkx2-2	-0.08745569901216191	0.8992851105288796	0	0.6666666666666666	0.5326798558235168	24	-0.0030930961141164095	0.0	0.0	0	activate	0.0							False	screening_only
Hesx1	-0.6962880664036306	0.8864512312140452	0	0.6666666666666666	0.6295515894889832	30	-0.005764067203430987	0.0	0.0	0	activate	0.0							False	screening_only
Rfxank	-0.6572651997361638	0.8653844847941189	0	0.8333333333333334	0.6337552964687347	14	-0.010686155245055187	0.0	0.0	0	activate	0.0							False	screening_only
Id4	-0.7494169450824018	0.86471964706926	0	0.8333333333333334	0.6000945270061493	13	-0.016407852619952167	0.0	0.0	0	activate	0.0							False	screening_only
Nkx2-5	0.009946942516312063	0.8518791106786052	0	0.5	0.6796931624412537	73	0.0023799755722480314	9.126994303110258e-07	0.0	0	inhibit	0.0	0.20133527466597062	0.8770099878311157	-0.1925194398914142	0.9410383701324463	0.41780785948739074	0.8500482439994812	True	screening_only
Mafb	-0.39494437146120254	0.8375023072869375	0	0.6666666666666666	0.5337139666080475	43	-0.005640672400321717	3.4058721850027673e-06	0.0	0	activate	0.0	-0.08597665182584154	0.9458620548248291	-1.473004387075794	0.5204517841339111	-1.6033384215121	0.39809420704841614	True	screening_only
Hlx	-0.5081418585885185	0.8270675212190147	0	1.0	0.7678747773170471	19	-0.008785035627336957	0.0	0.0	0	activate	0.0							False	screening_only
Tbx15	-0.4200310273925197	0.8227086683823148	0	0.6666666666666666	0.6603828370571136	32	-0.004629650097543689	0.0	0.0	0	activate	0.0	0.21597192633703155	0.8698574304580688	1.2523341926955094	0.6183035373687744	0.6597144967678275	0.7759783267974854	False	screening_only
Lmx1b	0.6800786447163834	0.8183145057539193	0	0.6666666666666666	0.5828336626291275	22	0.007050211961639609	9.711349319319051e-06	0.0	0	inhibit	0.0							False	screening_only
Atoh1	-0.8973191203374318	0.8088332727601113	0	0.8333333333333334	0.5162076503038406	11	-0.016119743363728182	0.0001882194724105446	0.0	0	activate	0.0							False	screening_only
Foxp2	0.5353854005025042	0.7950626728817226	0	0.8333333333333334	0.461079478263855	11	0.008575859326888471	0.0	0.0	0	inhibit	0.0							False	screening_only
Nr2e3	-0.6773855157726985	0.7949468855325272	0	0.8333333333333334	0.6245450973510742	11	-0.012263966626844426	0.0	0.0	0	activate	0.0							False	screening_only
Hand2	0.4393677087475403	0.7943719121050817	0	0.6666666666666666	0.5795190036296844	38	0.002882803694308346	-3.972564362131337e-06	0.0	0	inhibit	0.0	-10.236085466985575	6.4538121770518235e-22	1.2854810172190587	0.5968852639198303	0.450363569859634	0.8418026566505432	False	screening_only
Zhx2	0.768904204473081	0.7852483083220503	0	1.0	0.6178039014339447	11	0.017289804826851066	0.0	0.0	0	inhibit	0.0							False	screening_only
Irf6	-0.0010690144483932462	0.7806631935552767	0	0.5	0.6251502633094788	15	-0.0006406984182961502	0.0	0.0	0	activate	0.0							False	screening_only
Hoxc8	-0.639119930406177	0.7784006394277379	0	1.0	0.6958571076393127	14	-0.011156379157789224	2.421752754944162e-06	0.0	0	activate	0.0							False	screening_only
Klf15	-0.6172904603773952	0.7766639673422104	0	0.6666666666666666	0.6329439580440521	22	-0.006541609822740815	0.0	0.0	0	activate	0.0							False	screening_only
Kmt2b	0.31461584018612004	0.7681950627712699	0	0.5	0.6192979216575623	14	0.001998338748992516	0.0	0.0	0	inhibit	0.0							False	screening_only
Hlf	-0.4270531482062716	0.7513792794704779	0	0.6666666666666666	0.712943822145462	18	-0.008128184404003242	0.0	0.0	0	activate	0.0							False	screening_only
Pax7	-0.36815035362187415	0.743942356879502	0	0.8333333333333334	0.6693782210350037	18	-0.004951037968100136	0.0	0.0	0	activate	0.0							False	screening_only
Zgpat	-0.6605070542787527	0.7420020630901009	0	1.0	0.6940088868141174	13	-0.015159840870962069	-5.04884139007622e-06	0.0	0	activate	0.0							False	screening_only
Dlx5	-0.5629384038014208	0.7351527344061731	0	0.8333333333333334	0.69600510597229	40	-0.005078829764542552	0.0	0.0	0	activate	0.0							False	screening_only
Ttf1	0.31519927432513256	0.7345979907879423	0	0.8333333333333334	0.8086147606372833	58	0.003466562910548646	-4.522060626510616e-06	0.0	0	inhibit	0.0	-1.2836147540318872	0.31388524174690247	0.7910549949193036	0.8203834295272827	-0.3801875680844993	0.8663432598114014	False	screening_only
Nfe2	0.3972871287175227	0.7155674765933558	0	0.6666666666666666	0.7387668490409851	19	0.008043063378704704	2.181656171640345e-05	0.0	0	inhibit	0.0							False	screening_only
Tbx6	-0.6745288336972886	0.7128062941616014	0	1.0	0.6185961365699768	10	-0.012450617562154619	0.0	0.0	0	activate	0.0							False	screening_only
Foxo4	0.4194273281948784	0.7051725194867702	0	0.6666666666666666	0.7246433198451996	28	0.007388632727264444	0.0001683801376723415	0.0	0	inhibit	0.0	0.2559519893701669	0.8551800847053528	-0.8543251360525568	0.8117617964744568	-1.2360543650636298	0.5589539408683777	True	screening_only
Etv5	0.04298015301807752	0.7032397526219297	0	0.5	0.697634220123291	25	0.00030742857071974544	1.8651050589013618e-05	0.0	0	inhibit	0.0							False	screening_only
Pknox1	-0.43343865317576624	0.6958138231263883	0	0.6666666666666666	0.7133943438529968	19	-0.006446375051972871	0.0	0.0	0	activate	0.0							False	screening_only
Cxxc1	0.42690579919374305	0.6745800217502423	0	0.6666666666666666	0.7033605873584747	21	0.0039201099349677705	0.0	0.0	0	inhibit	0.0	0.9551606467550373	0.4615877866744995	2.620487331548308	0.0910767912864685	1.4540888095448372	0.47165393829345703	True	screening_only
Nono	-0.4807361351733069	0.6650348226755115	0	0.6666666666666666	0.6959401071071625	19	-0.005122158259080248	-3.048773608393951e-05	0.0	0	activate	0.0							False	screening_only
Crebzf	-0.5259598675762799	0.6557844427126537	0	1.0	0.7189662158489227	22	-0.008918471904944963	0.0	0.0	0	activate	0.0							False	screening_only
Hivep2	-0.33876246959140716	0.6530206117874082	0	0.8333333333333334	0.6708418130874634	12	-0.008028410722677522	0.0	0.0	0	activate	0.0							False	screening_only
Nrl	-0.1210721343311792	0.6452627539526773	0	0.5	0.7057771980762482	17	-0.0015466677943421427	0.0	0.0	0	activate	0.0							False	screening_only
Cebpe	0.4814223408833448	0.635653902572085	0	0.8333333333333334	0.7186981737613678	38	0.0055216726704167066	0.0	0.0	0	inhibit	0.0							False	screening_only
Satb2	-0.21427568058532342	0.6300449242493646	0	0.6666666666666666	0.7304307520389557	30	-0.0017680517264437963	0.0	0.0	0	activate	0.0	1.5412609466272533	0.22535505890846252	-1.763628856450954	0.38398832082748413	-1.3840018665096807	0.5099007487297058	False	screening_only
Phf20	-0.15271917806254812	0.6210079720312119	0	0.6666666666666666	0.8014822602272034	10	-0.0033992879337575903	0.0	0.0	0	activate	0.0							False	screening_only
Rfxap	-0.49311726965706837	0.604972306910731	0	0.8333333333333334	0.7650839686393738	12	-0.00885347628062186	0.0	0.0	0	activate	0.0							False	screening_only
Mef2c	0.07000420800215656	0.6011269923813388	0	0.6666666666666666	0.7306798100471497	81	0.0003933823215503663	-1.587716752293744e-06	0.0	0	inhibit	0.0	-0.83435207752814	0.5193427205085754	-0.2672289170728058	0.9410383701324463	1.5032536771414982	0.4397609233856201	False	screening_only
Prdm2	-0.3736768110045741	0.5987882870152845	0	0.5	0.6992186009883881	11	-0.004450132194308182	0.0	0.0	0	activate	0.0							False	screening_only
Rfx5	-0.3191449343050803	0.5957426734838248	0	0.8333333333333334	0.6856130063533783	18	-0.005029115410369349	0.0	0.0	0	activate	0.0							False	screening_only
Egr3	0.26531442557215856	0.5927354658260173	0	0.6666666666666666	0.7749654650688171	31	0.002835615257068803	0.0	0.0	0	inhibit	0.0							False	screening_only
Ehf	0.6000797766226214	0.5907417367252703	0	1.0	0.6608857214450836	14	0.009607365905458609	-1.7119967381518109e-06	0.0	0	inhibit	0.0							False	screening_only
Hinfp	-0.6412946460057316	0.5900855652899207	0	1.0	0.6995693147182465	10	-0.010038660018884999	-6.357865966521992e-05	0.0	0	activate	0.0							False	screening_only
Pax8	0.2906420455520192	0.5692313631223779	0	0.6666666666666666	0.8513666689395905	32	0.00491439146735481	2.846048043403382e-06	0.0	0	inhibit	0.0	2.671650833936413	0.026748165488243103	-0.7918233747645705	0.8203834295272827	1.7947044595931185	0.3529040813446045	True	screening_only
Tbx5	-0.33015745072039027	0.561335473413396	0	1.0	0.827998012304306	23	-0.004490769204021523	0.0	0.0	0	activate	0.0							False	screening_only
Rfx1	0.5099620486611345	0.560185481274048	0	0.6666666666666666	0.7360113859176636	21	0.00750071314186552	9.108397759827191e-05	0.0	0	inhibit	0.0							False	screening_only
Mta3	0.27095139330907086	0.5562003628652893	0	0.6666666666666666	0.7638328075408936	13	0.00950515377274189	0.0	0.0	0	inhibit	0.0							False	screening_only
Thra	0.162046078750813	0.5516306712615954	0	0.5	0.7616168558597565	80	0.002488396220373386	2.0024445376853883e-06	0.0	0	inhibit	0.0	-0.9009542296746639	0.48188793659210205	1.3765609677133008	0.5709028840065002	1.4378247895457357	0.47531405091285706	False	screening_only
Spic	-0.6057385584118606	0.5503884956153186	0	1.0	0.66755411028862	10	-0.013488771917445918	0.0	0.0	0	activate	0.0							False	screening_only
Ctcfl	0.6273600383274782	0.5483266373881074	0	0.8333333333333334	0.6662918031215668	10	0.016070654903134814	0.0	0.0	0	inhibit	0.0							False	screening_only
Etv1	-0.3366763366947907	0.5444287010476067	0	0.8333333333333334	0.7747544944286346	20	-0.003253412925004599	-9.147269203202413e-06	0.0	0	activate	0.0							False	screening_only
Hoxb2	0.13431677341664006	0.5405251054429184	0	0.6666666666666666	0.8392773866653442	12	0.002823647987920364	0.0	0.0	0	inhibit	0.0							False	screening_only
E2f6	0.13123138546006252	0.5378476885665074	0	0.5	0.8685869574546814	41	0.0008094790304345323	-1.457779752467303e-06	0.0	0	inhibit	0.0	-0.5550158911762173	0.6706271171569824	-0.6911418013745675	0.8473027944564819	-0.5461201075694834	0.7955795526504517	False	screening_only
Tlx1	-0.1331944414005352	0.5342544158686439	0	0.6666666666666666	0.733859658241272	11	-0.0026368900168540904	0.0	0.0	0	activate	0.0							False	screening_only
Lhx8	-0.4118704082467014	0.5339872603223763	0	0.8333333333333334	0.7151334881782532	12	-0.006075759662035307	0.0	0.0	0	activate	0.0							False	screening_only
Creb3	-0.2154232474033415	0.5258624395749871	0	0.5	0.7687093913555145	17	-0.0002879800792947927	1.4737399874675816e-05	0.0	0	activate	0.0							False	screening_only
Rorc	0.50138324331621	0.5189524657292853	0	1.0	0.7977135479450226	21	0.006144665082956724	-5.5455361449574525e-06	0.0	0	inhibit	0.0							False	screening_only
Nkx6-1	-0.5898728339543021	0.5181654826965829	0	1.0	0.6815743446350098	16	-0.008359811831445508	8.259582065517357e-07	0.0	0	activate	0.0							False	screening_only
Foxj1	-0.23405473093064016	0.5139741824016757	0	1.0	0.88318932056427	17	-0.004385660006514515	0.0	0.0	0	activate	0.0							False	screening_only
Klf11	0.4797423131277958	0.5117390968342684	0	0.6666666666666666	0.7731190919876099	25	0.004860911795709695	-3.9252452495031065e-06	0.0	0	inhibit	0.0	1.724034975105416	0.16795219480991364	0.7306662551097292	0.8424339890480042	-0.295406901175898	0.9132288098335266	True	screening_only
Lmo2	0.09143020386831707	0.49878574710516016	0	0.6666666666666666	0.8722608089447021	32	0.0022731694293313554	0.0	0.0	0	inhibit	0.0	-0.39643448531750103	0.7586691379547119	3.608410055757868	0.009273073635995388	3.24125462000744	0.03754248097538948	False	screening_only
Fgf2	-0.33435207794750077	0.4985644496467758	0	0.6666666666666666	0.756228506565094	12	-0.004731691287463612	-1.1487084017325344e-06	0.0	0	activate	0.0							False	screening_only
Nr5a1	0.27878404325639167	0.49393597048845755	0	0.6666666666666666	0.7660845220088959	91	0.0024426481086270817	-9.694819647076969e-06	-1.671994695329193e-05	2	inhibit	0.0	1.6832927683318384	0.18086998164653778	-1.0806416427630112	0.7119062542915344	-0.8504229694399921	0.6874080896377563	True	screening_only
Zkscan7	-0.006548685528940071	0.4751274040901455	0	0.5	0.7470142245292664	13	8.462762954907974e-05	2.5089447571624568e-05	0.0	0	inhibit	0.0							False	screening_only
Pou3f1	-0.4286972897933604	0.46296511217307135	0	1.0	0.801863968372345	23	-0.004569440756726472	2.8383683154664663e-05	0.0	0	activate	0.0							False	screening_only
Pura	0.024399857984075346	0.4476941969849353	0	0.5	0.8236413300037384	20	0.002078920477468043	-8.689692634733515e-06	0.0	0	inhibit	0.0	-0.12776452888033019	0.9231521487236023	0.4566928097273943	0.8861064910888672	-0.0748146697940712	0.9878000617027283	False	screening_only
Spib	0.46916370003265956	0.4475980284309314	0	0.8333333333333334	0.8281806409358978	17	0.0048088029239273765	0.0	0.0	0	inhibit	0.0							False	screening_only
Batf	-0.40607674822295636	0.4377241381226975	0	0.8333333333333334	0.7954953014850616	15	-0.007780888936599704	0.0	0.0	0	activate	0.0							False	screening_only
Hoxc6	0.34150128780658506	0.43755377955870767	0	1.0	0.8275147080421448	13	0.005209947073313438	8.401080463016353e-06	0.0	0	inhibit	0.0							False	screening_only
Zfpm2	0.019496203728771394	0.4326450449897117	0	0.6666666666666666	0.895401805639267	12	0.0004989013828606102	0.0	0.0	0	inhibit	0.0							False	screening_only
Spi1	0.27509859485148325	0.4302675039244062	0	1.0	0.8712664842605591	354	0.0013903921584890741	-1.0068924836237336e-05	0.0	0	inhibit	0.0	0.5072999116958784	0.6942569017410278	0.1909629167470352	0.9410383701324463	0.04143356347998297	0.9878000617027283	True	screening_only
Tbx18	-0.43405348706781693	0.43018437599381437	0	1.0	0.763474315404892	15	-0.0070101163461200235	0.0	0.0	0	activate	0.0							False	screening_only
Irf4	-0.2456290460483711	0.42630924205447623	0	0.6666666666666666	0.865782618522644	56	-0.0021513869511627774	7.68165285747191e-06	0.0	0	activate	0.0	-0.19888741662068796	0.8770099878311157	0.8503618598694731	0.8117617964744568	0.5172924829979458	0.8058061599731445	True	screening_only
Ctbp1	-0.13548499474396186	0.4107438475829937	0	0.6666666666666666	0.8697151839733124	10	-0.007775242996389259	0.0	0.0	0	activate	0.0							False	screening_only
Ptf1a	-0.3283223470630796	0.4085922379377586	0	0.8333333333333334	0.8012839257717133	13	-0.005621247093640511	0.0	0.0	0	activate	0.0							False	screening_only
Kdm2a	-0.2355162532692327	0.3844433320767035	0	1.0	0.8775283396244049	10	-0.004690819986771472	-4.0700088955403224e-05	0.0	0	activate	0.0							False	screening_only
Rora	0.15716488056902983	0.3731019749360953	0	0.6666666666666666	0.8348121047019958	75	0.0007640298695549995	2.4293016944398893e-05	0.0	0	inhibit	0.0	-0.9494446396021207	0.4636116921901703	0.6820474680301069	0.848596453666687	0.570971826986021	0.7918799519538879	False	screening_only
Sp7	0.21929777490203	0.36932741660753043	0	0.8333333333333334	0.8996988832950592	51	0.0013736959698695814	4.687192576624533e-06	0.0	0	inhibit	0.0	0.5431558893444262	0.6752992868423462	0.40099454347917424	0.9009935855865479	0.6517554786975552	0.7772243022918701	True	screening_only
En1	-0.333773858858706	0.3553416764021429	0	0.8333333333333334	0.862333744764328	11	-0.0058528090677759485	0.0	0.0	0	activate	0.0							False	screening_only
Nr2c1	-0.029486906922385883	0.34637676927998445	0	0.5	0.8508618474006653	21	0.00036869404265936414	0.0	0.0	0	inhibit	0.0							False	screening_only
Crx	-0.2923343509501242	0.34295186680124595	0	1.0	0.8576921224594116	27	-0.0032801123695590075	0.0	0.0	0	activate	0.0							False	screening_only
Lhx2	-0.1841913839457956	0.33985473264257865	0	0.6666666666666666	0.9056096374988556	31	-0.0021495472535067875	0.0	0.0	0	activate	0.0	-1.029095088978339	0.4285012483596802	2.2277959237166023	0.1834287792444229	1.6837063233145475	0.37831735610961914	True	screening_only
Nr6a1	0.14812789954333536	0.33894586876557553	0	0.6666666666666666	0.873845636844635	13	0.0007955040768061448	0.0	0.0	0	inhibit	0.0							False	screening_only
Irf7	-0.1256513119766743	0.33524840869703687	0	0.5	0.857511043548584	22	-0.0010090067524284481	-1.4007115473835263e-05	0.0	0	activate	0.0							False	screening_only
Hand1	-0.26173019168960604	0.3255508989500732	0	0.8333333333333334	0.8623282611370087	13	-0.004297687473467685	0.0	0.0	0	activate	0.0							False	screening_only
Myf5	0.31419503382373937	0.3049477111931635	0	0.6666666666666666	0.859769344329834	27	0.002763159983739713	0.0	0.0	0	inhibit	0.0							False	screening_only
Ctbp2	0.1264221166664727	0.3048605992926364	0	0.6666666666666666	0.8694386184215546	16	0.0013437290604554814	0.0	0.0	0	inhibit	0.0							False	screening_only
Med1	0.08382083203700087	0.28688906534698916	0	0.5	0.8984964191913605	15	0.0027381056865402355	3.14789872835064e-07	0.0	0	inhibit	0.0							False	screening_only
Pax2	-0.0794072071581839	0.2691954328009713	0	0.5	0.8873883187770844	26	-0.0006086599563804901	2.913717919938996e-06	0.0	0	activate	0.0							False	screening_only
Foxa3	0.13904875206672493	0.25821598296677334	0	0.8333333333333334	0.9360347390174866	13	0.005600345049438968	0.0	0.0	0	inhibit	0.0							False	screening_only
T	-0.2736265761369118	0.25288336044046217	0	1.0	0.8817176222801208	13	-0.004419303252026705	1.0293937087679783e-05	0.0	0	activate	0.0							False	screening_only
Grhl2	-0.17252995362053838	0.2508832437967376	0	0.6666666666666666	0.8780841827392578	11	-0.0024369407228108687	0.0	0.0	0	activate	0.0							False	screening_only
Foxd3	0.030433985080199583	0.1411801931227956	0	0.8333333333333334	0.954012542963028	14	0.00195552748140044	0.0	0.0	0	inhibit	0.0							False	screening_only
